,date,sentiment_score,content,source
359,2019-01-02,0.960913,【宝能前副总裁余英转投融创中国 任广深区域执行总裁】入职姚振华旗下的宝能地产一年后，地产老将余英选择了加盟融创中国。1月2日，记者从融创获得回应：余英将任职融创中国执行总裁兼融创广深区域执行总裁，将协助融创广深区域总裁黄书平分管投资发展和城市更新等业务板块。余英此前在保利地产任副总裁、广东公司董事长。（澎湃新闻）,sina
241,2019-01-02,0.96039,云财经讯，入职姚振华旗下的宝能地产一年后，地产老将余英选择了加盟融创中国。1月2日，记者从融创获得回应：余英将任职融创中国执行总裁兼融创广深区域执行总裁，将协助融创广深区域总裁黄书平分管投资发展和城市更新等业务板块。余英此前在保利地产任副总裁、广东公司董事长。（澎湃新闻）,yuncaijing
1500,2019-01-06,0.175529,云财经讯，保利地产(600048)1月6日晚间公告，公司副总经理王健因工作调整原因申请辞去公司副总经理职务，辞职后将不再担任公司及下属子公司任何职务。,yuncaijing
2295,2019-01-06,0.163176,【保利地产：副总经理王健辞职】保利地产1月6日晚间公告，公司副总经理王健因工作调整原因申请辞去公司副总经理职务，辞职后将不再担任公司及下属子公司任何职务。,sina
5926,2019-01-14,0.769968,"保利地产：2018全年净利润初步数据188亿元人民币；全年营收初步数据1,936亿元。12月实现签约金额365亿元，同比增长4.5%。",sina
3854,2019-01-14,0.910105,【保利地产：2018年度签约金额超4000亿元 净利润预增超两成】保利地产(600048)1月14日晚披露业绩快报，公司2018年度营业总收入1936.27亿元，同比增长32.31%；净利润188.02亿元，同比增长20.33%。基本每股收益1.58元。据悉，2018 年1月至12月，公司实现签约金额4048.17亿元，同比增长30.91%。,eastmoney
4387,2019-01-14,0.681027,云财经讯，保利地产：2018全年净利润初步数据188亿元人民币。,yuncaijing
6965,2019-01-14,0.81018,保利地产业绩快报：2018年度实现营收1936亿元，同比增长32.31%；实现营业利润353亿元，同比增长38.4%。,wallstreetcn
4844,2019-01-15,0.642468,云财经讯，中金下调保利地产目标价12%至15.77元，较最新收盘价仍有34%上升空间。中金认为，保利地产2018年业绩快报表现低于市场一致预期5%，主要受到结算项目权益占比降低影响。2019年销售增速或收窄。,yuncaijing
6862,2019-01-15,0.52479,中金下调保利地产目标价12%至15.77元，较最新收盘价仍有34%上升空间。中金认为，保利地产2018年业绩快报表现低于市场一致预期5%，主要受到结算项目权益占比降低影响。2019年销售增速或收窄。,sina
4116,2019-01-15,0.136451,【业绩长牛！40股有望连续十年净利润增长 八成复合增速超20%】老板电器、海康威视、中航光电等40股净利润有望连续10年增长。梳理发现，截至最新收盘日，包含保利地产在内，有40股自2009年至2018年的净利润(按照预计净利润中值或快报数据计算)有望连续10年增长，如老板电器、海康威视、中航光电及奇正藏药等个股。,eastmoney
4692,2019-01-16,0.832546,【40股十年净利润稳健增长 防御性品种居多】2018年以来房地产及其他传统行业遇冷，但其中不乏一些业绩持续向好的公司。保利地产发布2018年度业绩快报，数据显示2018年公司实现净利润188亿元，同比增长20.33%。值得注意的是，保利地产2006年上市至今净利润连年增长。将时间缩短发现，海康威视、老板电器等明星股均荣登净利润连续10年增长榜单。（证券时报）,eastmoney
9577,2019-01-21,0.581535,保利地产发行15亿元人民币3年期中期票据，发行利率3.60%。,sina
12527,2019-01-22,0.899981,"【公募基金2018年四季度增持前十股票出炉】1月22日，天相投顾统计的2018年基金四季报数据显示，2018年四季度，公募基金增持市值最大的股票是万科A，增持市值高达34.24亿元。永辉超市增持市值也超过30亿元，达到32.78亿元。公募基金增持前十的股票还包括隆基股份、温氏股份、华夏幸福、中兴通讯、海康威视、东方财富、保利地产、山东黄金。（中证网）‘
",wallstreetcn
12526,2019-01-22,0.927487,【公募基金2018年四季度增持前十股票出炉】天相投顾统计的2018年基金四季报数据显示，2018年四季度，公募基金增持市值最大的股票是万科A，增持市值高达34.24亿元。永辉超市增持市值也超过30亿元，达到32.78亿元。公募基金增持前十的股票还包括隆基股份、温氏股份、华夏幸福、中兴通讯、海康威视、东方财富、保利地产、山东黄金。（中证网）,wallstreetcn
10229,2019-01-22,0.686462,【公募基金重仓股出炉！中国平安居首，白马蓝筹受青睐】1月22日，根据天相投顾统计的2018年基金四季报数据显示，截至2018年底，公募基金第一大重仓股是中国平安，持有总市值达196.56亿元，519只基金持有该股。此外，贵州茅台、保利地产、万科A、伊利股份、招商银行、海康威视、格力电器、美的集团、隆基股份亦进入前十大重仓股，总体来看，白马蓝筹依然受基金青睐。（中证网）,sina
10219,2019-01-22,0.690928,【公募基金2018年四季度增持前十股票出炉，其中两股增持超30亿元！】1月22日，天相投顾统计的2018年基金四季报数据显示，2018年四季度，公募基金增持市值最大的股票是万科A，增持市值高达34.24亿元。永辉超市增持市值也超过30亿元，达到32.78亿元。公募基金增持前十的股票还包括隆基股份、温氏股份、华夏幸福、中兴通讯、海康威视、东方财富、保利地产、山东黄金。（中证网）,sina
12543,2019-01-22,0.686462,【公募基金重仓股出炉！中国平安居首，白马蓝筹受青睐】1月22日，根据天相投顾统计的2018年基金四季报数据显示，截至2018年底，公募基金第一大重仓股是中国平安，持有总市值达196.56亿元，519只基金持有该股。此外，贵州茅台、保利地产、万科A、伊利股份、招商银行、海康威视、格力电器、美的集团、隆基股份亦进入前十大重仓股，总体来看，白马蓝筹依然受基金青睐。（中证网）,wallstreetcn
6271,2019-01-22,0.649551,【公募基金重仓股出炉！中国平安居首 白马蓝筹受青睐】1月22日，根据天相投顾统计的2018年基金四季报数据显示，截至2018年底，公募基金第一大重仓股是中国平安，持有总市值达196.56亿元，519只基金持有该股。此外，贵州茅台、保利地产、万科A、伊利股份、招商银行、海康威视、格力电器、美的集团、隆基股份亦进入前十大重仓股，总体来看，白马蓝筹依然受基金青睐。(中证网),eastmoney
2302,2019-01-23,0.187592,基金四季报披露进行时，数据显示，截至目前1663只个股持股出现基金身影，中国平安、贵州茅台、万科A、招商银行、保利地产、格力电器是基金持有数最多的公司，均达到400家以上，中国平安持有基金数达709只，稳居榜首。,10jqka
14624,2019-01-30,0.1127,临近午盘，地产股集体上攻，中交地产强势封板，卧龙地产、光明地产、保利地产、华侨城A等快速跟涨。,sina
18052,2019-01-30,0.85409,"【1月30日资金流向】主力净流入行业板块前五：房地产、民航、化学制药、铁矿石
主力净流入概念板块前五：光伏、次新股、芬太尼、小米、分散染料
主力净流入个股前十：明阳智能、东山精密、晶盛机电、芯能科技、保利地产、人福医药、建设银行、鼎信通讯、快意电梯、森源电气",wallstreetcn
9914,2019-02-03,0.117607,【保利地产一个月三地上黑榜 大兴曝火情重庆安全埋雷】近日，北京市住房和城乡建设委员会网站发布通报称，近期以来，全市住建系统在施工程发生3起火情事故，造成一定的财产损失和较大的社会影响。为深刻汲取事故教训，依法依规处理相关责任单位，全力压减火情事故的发生。（中国经济网）,eastmoney
7343,2019-02-11,0.874902,云财经讯，保利地产：2019年1月，公司实现签约面积227.85万平方米，同比增长4.58%；实现签约金额335.91亿元，同比增长6.14%,yuncaijing
17774,2019-02-11,0.854621,【保利地产：1月签约金额336亿元 同比增长6.14%】保利地产2019年1月实现签约面积227.85万平方米，同比增长4.58%；实现签约金额335.91亿元，同比增长6.14%。,sina
24042,2019-02-14,0.892063,"【2月14日资金流向】主力净流入行业板块前五：中药、白色家电、传媒、汽车、化工
主力净流入概念板块前五：健康中国、新零售、互联网医疗、养猪、风电
主力净流入个股前十：康美药业、格力电器、中国平安、明阳智能、伊利股份、宁德时代、隆基股份、国轩高科、比亚迪、保利地产",wallstreetcn
20121,2019-02-15,0.309624,地产股午后持续走弱，保利地产大跌5%，荣盛发展、金地集团、招商蛇口、万科A、光大嘉宝等个股纷纷走低。,sina
12649,2019-02-15,0.143489,【地产股午后持续走弱】东方财富网15日讯，地产股午后持续走弱，保利地产大跌5%，荣盛发展、金地集团均跌超3%，招商蛇口、万科A、光大嘉宝等个股纷纷走低。,eastmoney
12643,2019-02-15,0.929478,【上证50跌午后跌幅扩大至2%】东方财富网15日讯，上证50跌午后跌幅扩大至2%，家电、保险、汽车、银行、白酒权重股领跌，成分股里面，上汽集团大跌5%，保利地产、青岛海尔、华泰证券、中国国旅、复星医药等个股均跌超3%。,eastmoney
28056,2019-03-04,0.530682,地产股早盘走强，截至发稿，大名城涨停，金地集团涨超5%，万科A、保利地产涨超3%。,sina
27952,2019-03-04,0.409436,【地产股持续走强 金地集团逼近涨停】地产股午后持续走强，截至发稿，金地集团逼近涨停，大涨9.61%，泰禾集团涨超8%，招商蛇口、保利地产、万科A涨超6%。,sina
13556,2019-03-04,0.614479,云财经讯，地产股早盘走强，截至发稿，大名城涨停，金地集团涨超5%，万科A、保利地产涨超3%。,yuncaijing
18394,2019-03-04,0.287138,【地产股早盘走强】东方财富网4日讯，地产股早盘走强，截至发稿，大名城涨停，金地集团涨超5%，万科A、保利地产涨超3%。,eastmoney
35453,2019-03-04,0.737732,"【3月4日资金流向】主力净流入行业板块前五：房地产、计算机应用、银行、农产品加工、环保
主力净流入概念板块前五：云计算、次新股、中字头、工业互联网、PPP 
主力净流入个股前十：中国软件、浪潮信息、郑州银行、三一重工、东方通信、华东科技、平安银行、乐视网、招商蛇口、保利地产",wallstreetcn
13477,2019-03-04,0.776023,云财经讯，地产股午后持续走强，截至发稿，金地集团逼近涨停，大涨9.61%，泰禾集团涨超8%，招商蛇口、保利地产、万科A涨超6%。,yuncaijing
36117,2019-03-05,0.634147,"【3月5日资金流向】主力净流入行业板块前五：半导体、通信、计算机应用、传媒、军工
主力净流入概念板块前五：芯片、5G、智能穿戴、物联网、人工智能
主力净流入个股前十：中国软件、浪潮信息、郑州银行、三一重工、东方通信、华东科技、平安银行、乐视网、招商蛇口、保利地产",wallstreetcn
19062,2019-03-06,0.860917,【上证50成分股领跌 创业板指数翻绿】东方财富网6日讯，上证50成分股领跌，沪深两市午后快速跳水，创业指率先翻绿，三安光电、华夏幸福、青岛海尔、保利地产均跌逾2%，高位个股开始出现分歧，两市成交额超8800亿。,eastmoney
14219,2019-03-06,0.935105, 云财经讯，上证50成分股领跌，沪深两市午后快速跳水，创业指率先翻绿，三安光电、华夏幸福、青岛海尔、保利地产均跌逾2%，高位个股开始出现分歧，两市成交额超8800亿。,yuncaijing
29517,2019-03-07,0.862256,保利地产：2月公司实现签约面积189.12万平方米，同比增长20.81%；实现签约金额334.04亿元，同比增长54.31%。,sina
29672,2019-03-07,0.531255,【地产股跌幅进一步扩大 新城控股跌超6%】地产股午后跌幅进一步扩大，截至发稿，新城控股跌超6%，华夏幸福、阳光城、荣盛发展跌超5%，保利地产、金地集团跌超4%，万科A、招商蛇口等跌超3%。,sina
29744,2019-03-07,0.404412,地产股今天集体回调，截至发稿，华夏幸福跌近5%，阳光城、大名城跌超3%，保利地产、万科A等跌超2%。,sina
14655,2019-03-07,0.504849,云财经讯，地产股今天集体回调，截至发稿，华夏幸福跌近5%，阳光城、大名城跌超3%，保利地产、万科A等跌超2%。,yuncaijing
37751,2019-03-07,0.862256,保利地产：2月公司实现签约面积189.12万平方米，同比增长20.81%；实现签约金额334.04亿元，同比增长54.31%。,wallstreetcn
19495,2019-03-07,0.110528,【地产股今天集体回调】东方财富网7日讯，地产股今天集体回调，截至发稿，华夏幸福跌近5%，阳光城、大名城跌超3%，保利地产、万科A等跌超2%。,eastmoney
19440,2019-03-07,0.531255,【地产股跌幅进一步扩大 新城控股跌超6%】地产股午后跌幅进一步扩大，截至发稿，新城控股跌超6%，华夏幸福、阳光城、荣盛发展跌超5%，保利地产、金地集团跌超4%，万科A、招商蛇口等跌超3%。,eastmoney
14497,2019-03-07,0.856526,云财经讯，保利地产：2月公司实现签约面积189.12万平方米，同比增长20.81%；实现签约金额334.04亿元，同比增长54.31%,yuncaijing
42859,2019-03-15,0.540624,"【3月15日资金流向】主力净流入行业板块前五：房地产、建筑装饰、白色家电、化工新材料、保险
主力净流入概念板块前五：参股券商、一带一路、上海自贸区、超级品牌、迪士尼
主力净流入个股前十：格力电器、万华化学、电广传媒、大众公用、保利地产、海康威视、万科A、五粮液、华鑫股份、冀东水泥
",wallstreetcn
22688,2019-03-18,0.193241,【地产股午后全线爆发】东方财富网18日讯，地产股午后全线爆发，泰禾集团、金地集团双双封涨停，阳光城、华发股份、我爱我家、保利地产、荣盛发展均涨超5%，万科A涨逾4%。,eastmoney
34488,2019-03-18,0.469148,地产股午后全线爆发，泰禾集团、金地集团双双封涨停，阳光城、华发股份、我爱我家、保利地产、荣盛发展均涨超5%，万科A涨逾4%。,sina
44544,2019-03-19,0.812815,【保利地产：拟7.5亿元认购股权投资基金，布局不动产领域未上市企业】保利地产晚间公告，控股子公司信保基金拟通过其下属全资子公司凰朝投资发起设立信保基金三期，投资于不动产相关领域未上市企业，产品规模预计不超过50亿元；公司拟认购信保基金三期15%有限合伙份额，对应不超过7.5亿元。此外，全资子公司恒利置业在境外发行5亿美元的五年期固息债券，债券票面利率3.875%。,wallstreetcn
34854,2019-03-19,0.812815,【保利地产：拟7.5亿元认购股权投资基金，布局不动产领域未上市企业】保利地产晚间公告，控股子公司信保基金拟通过其下属全资子公司凰朝投资发起设立信保基金三期，投资于不动产相关领域未上市企业，产品规模预计不超过50亿元；公司拟认购信保基金三期15%有限合伙份额，对应不超过7.5亿元。此外，全资子公司恒利置业在境外发行5亿美元的五年期固息债券，债券票面利率3.875%。,sina
18024,2019-03-19,0.917473, 云财经讯，保利地产晚间公告，控股子公司信保基金拟通过其下属全资子公司凰朝投资发起设立信保基金三期，投资于不动产相关领域未上市企业，产品规模预计不超过50亿元；公司拟认购信保基金三期15%有限合伙份额，对应不超过7.5亿元。此外，全资子公司恒利置业在境外发行5亿美元的五年期固息债券，债券票面利率3.875%。,yuncaijing
41563,2019-04-01,0.265271,地产股早盘集体走强，万科A涨超7%，保利地产、金地集团等纷纷跟涨。,sina
27263,2019-04-01,0.112246,【基民早餐：内资“穿马甲”加杠杆回A股；基金“迷恋”金融和大消费】随着基金2018年年报的陆续披露完毕，其重仓股情况也逐渐浮出水面。分行业来看，金融和大消费领域仍然是基金持仓的重中之重，基金对中国平安、贵州茅台、招商银行、伊利股份、保利地产、格力电器、万科A、美的集团、海康威视等个股的持仓市值均超过100亿元。,eastmoney
44783,2019-04-09,0.957917,【保利地产：3月签约金额同比增长27%】3月，公司实现签约面积283.07万平方米，同比增长29.64%；实现签约金额426.64亿元，同比增长26.84%。1-3月，公司实现签约面积700.04万平方米，同比增长18.1%；实现签约金额1096.60亿元，同比增长26.14%。,sina
56779,2019-04-09,0.957917,"【保利地产：3月签约金额同比增长27%】3月，公司实现签约面积283.07万平方米，同比增长29.64%；实现
签约金额426.64亿元，同比增长26.84%。1-3月，公司实现签约面积700.04万平方米，同比增长18.1%；实现签约金额1096.60亿元，同比增长26.14%。",wallstreetcn
57611,2019-04-10,0.729286,保利地产：全资子公司保利物业在全国中小企业股份转让系统终止挂牌。,wallstreetcn
57759,2019-04-10,0.686838,"保利地产：全资子公司保利物业自4月11起终止在新三板挂牌。
",wallstreetcn
24496,2019-04-10,0.75962,云财经讯，保利地产：全资子公司保利物业在全国中小企业股份转让系统终止挂牌,yuncaijing
45620,2019-04-10,0.686838,保利地产：全资子公司保利物业自4月11起终止在新三板挂牌。,sina
60561,2019-04-15,0.752744,保利地产：2018年度实现净利润189亿元，同比增长21%；拟10派5元。,wallstreetcn
47856,2019-04-15,0.549198,  保利地产将让旗下物业管理子公司上市。,sina
25919,2019-04-15,0.791369, 云财经讯，保利地产(600048)4月15日晚间披露年报，公司2018年实现营业收入1945.14亿元，同比增长32.66%；净利润189.04亿元，同比增长20.92%。每股收益1.59元。公司拟每10股派发现金红利5元。,yuncaijing
26017,2019-04-15,0.668953, 云财经讯，保利地产将让旗下物业管理子公司上市。（IFR）,yuncaijing
60703,2019-04-15,0.634514,"保利地产将让旗下物业管理子公司上市。（路透旗下IFR）
",wallstreetcn
60562,2019-04-15,0.495317,"保利地产全年净利润189亿元人民币，全年净利润同比增加21％，市场预估192.6亿元人民币。保利地产全年营收1,945亿元人民币，市场预估1,880.6亿元人民币。
",wallstreetcn
31346,2019-04-15,0.860515,【保利地产：2018年净利189亿元 同比增21%】保利地产(600048)4月15日晚间披露年报，公司2018年实现营业收入1945.14亿元，同比增长32.66%；净利润189.04亿元，同比增长20.92%。每股收益1.59元。公司拟每10股派发现金红利5元。,eastmoney
60701,2019-04-15,0.581543,保利地产将让旗下物业管理子公司上市。（IFR）,wallstreetcn
31800,2019-04-16,0.884508,【上证50指数午后涨3% 兴业银行大涨7%】东方财富网16日讯，上证50指数午后涨3%，其中成分股，兴业银行大涨7%，建设银行、中国太保、保利地产、光大银行等个股均涨逾4%。,eastmoney
65190,2019-04-22,0.069496,"【公募基金连续三个季度超配地产，万科、保利等龙头股反被大举减持】：截至今年一季度末，公募基金持有地产股总市值达到785.99亿元，占其股票投资市值的比例为4.71%，超过股票市场标准行业配置比例0.13个百分点。万科A、保利地产等龙头股却被公募基金大举减持。（证券时报）
",wallstreetcn
51255,2019-04-22,0.0572045, 地产股开盘全线走低，荣盛发展、金地集团大跌4%，渝开发、粤泰股份、阳光城、保利地产等个股均逾3%，地产龙头万科A跌2.6%。消息上，中共中央政治局4月19日召开会议，会议要求：要坚持房子是用来住的、不是用来炒的定位。,sina
51335,2019-04-22,0.0193857,【公募基金连续三个季度超配地产，万科、保利等龙头股反被大举减持】梳理相关数据发现，公募基金在经过了连续12个季度对房地产行业的低配后，终于在最近三个季度实现了对房地产的超配：截至今年一季度末，公募基金持有地产股总市值达到785.99亿元，占其股票投资市值的比例为4.71%，超过股票市场标准行业配置比例0.13个百分点。万科A、保利地产等龙头股却被公募基金大举减持：目前仅有304只基金重仓持有万科A，合计持股数量较去年第四季度环比减少8250.43万股，该股下滑至基金第十大重仓股；保利地产的基金持股数量环比减少2.14亿股，该股也跌落至基金第十四大重仓股。（证券时报）,sina
28103,2019-04-22,0.0200191,云财经讯，梳理相关数据发现，公募基金在经过了连续12个季度对房地产行业的低配后，终于在最近三个季度实现了对房地产的超配：截至今年一季度末，公募基金持有地产股总市值达到785.99亿元，占其股票投资市值的比例为4.71%，超过股票市场标准行业配置比例0.13个百分点。万科A、保利地产等龙头股却被公募基金大举减持：目前仅有304只基金重仓持有万科A，合计持股数量较去年第四季度环比减少8250.43万股，该股下滑至基金第十大重仓股；保利地产的基金持股数量环比减少2.14亿股，该股也跌落至基金第十四大重仓股。（证券时报）,yuncaijing
33754,2019-04-22,0.111253,【公募基金连续三个季度超配地产 万科、保利等龙头股反被大举减持】公募基金在经过了连续12个季度对房地产行业的低配后，终于在最近三个季度实现了对房地产的超配：截至今年一季度末，公募基金持有地产股总市值达到785.99亿元，占其股票投资市值的比例为4.71%，超过股票市场标准行业配置比例0.13个百分点。万科A、保利地产等龙头股却被公募基金大举减持。（证券时报）,eastmoney
33697,2019-04-22,0.0198671,【地产股开盘全线走低】东方财富网22日讯，地产股开盘全线走低，荣盛发展、金地集团均大跌4%，渝开发、粤泰股份、阳光城、保利地产等个股均逾3%，地产龙头万科A跌2.6%。消息上，中共中央政治局4月19日召开会议，会议要求：要坚持房子是用来住的、不是用来炒的定位。,eastmoney
65192,2019-04-22,0.0193857,【公募基金连续三个季度超配地产，万科、保利等龙头股反被大举减持】梳理相关数据发现，公募基金在经过了连续12个季度对房地产行业的低配后，终于在最近三个季度实现了对房地产的超配：截至今年一季度末，公募基金持有地产股总市值达到785.99亿元，占其股票投资市值的比例为4.71%，超过股票市场标准行业配置比例0.13个百分点。万科A、保利地产等龙头股却被公募基金大举减持：目前仅有304只基金重仓持有万科A，合计持股数量较去年第四季度环比减少8250.43万股，该股下滑至基金第十大重仓股；保利地产的基金持股数量环比减少2.14亿股，该股也跌落至基金第十四大重仓股。（证券时报）,wallstreetcn
51838,2019-04-23,0.0194476,【“房住不炒”再被强调 房地产板块闻声重挫】4月22日，A股房地产板块遭遇重挫，中体产业、荣盛发展、首开股份跌幅超过7%，中南建设、华侨城A、万科A、金地集团、新城控股、保利地产、蓝光发展等20只个股的跌幅超过5%。整体来看，同花顺房地产指数下跌了2.41%。这一板块共计122只个股，4月22日收盘时总市值2.19万亿元，较上周五（4月19日）收盘时减少了945亿元。,sina
67714,2019-04-26,0.823532,保利地产：一季度实现营收225.8亿元，同比增长12.14%；实现净利润23.2亿元，同比增长22.51%。,wallstreetcn
53267,2019-04-26,0.557317,保利地产第一季度净利润23.2亿元人民币。,sina
53236,2019-04-26,0.823532,保利地产：一季度实现营收225.8亿元，同比增长12.14%；实现净利润23.2亿元，同比增长22.51%。,sina
29177,2019-04-26,0.649376,云财经讯，保利地产第一季度净利润23.2亿元人民币。,yuncaijing
36538,2019-05-02,0.100314,【就问牛不牛！这些A股龙头房企业绩诱人】A股房企整体业绩表现依然可圈可点，尤其是以万科、保利地产等为代表的A股龙头房企，一季度净利润同比增速相当可观。（中国证券网）,eastmoney
36959,2019-05-04,0.179393,【保利地产高速扩张背后：高价地难解套 “吃掉”利润逾20亿元】销售额、利润大幅提升，依旧难掩保利发展控股集团股份有限公司多宗高价地入市难的困境。（中国经营报）,eastmoney
36932,2019-05-04,0.0666194,【保利地产高速扩张背后：高价地难解套 吃掉利润逾20亿】销售额、利润大幅提升，依旧难掩保利发展控股集团股份有限公司(600048.SH，以下简称“保利地产”)多宗高价地入市难的困境。保利地产日前披露计提存货跌价准备情况，多个项目合计计提存货跌价准备金额达到23.4亿元，减少2018年归母净利润20.1亿元。,eastmoney
37679,2019-05-07,0.966105,【保利地产：4月签约金额374.23亿元 同比增15%】保利地产(600048)5月7日晚公告，4月，公司实现签约面积255万平方米，同比增长21%；实现签约金额374亿元，同比增长15%。2019年1-4月，公司实现签约面积955万平方米，同比增长19%；实现签约金额1471亿元，同比增长23%。（证券时报网）,eastmoney
57045,2019-05-07,0.980425,【保利地产：1-4月签约面积同比增长18.93%】保利地产公告，2019年4月，公司实现签约面积255.16万平方米，同比增长21.26%；实现签约金额374.23亿元，同比增长15.27%。2019年1-4月，公司实现签约面积955.20万平方米，同比增长18.93%；实现签约金额1470.83亿元，同比增长23.19%。,sina
72284,2019-05-07,0.980425,【保利地产：1-4月签约面积同比增长18.93%】保利地产公告，2019年4月，公司实现签约面积255.16万平方米，同比增长21.26%；实现签约金额374.23亿元，同比增长15.27%。2019年1-4月，公司实现签约面积955.20万平方米，同比增长18.93%；实现签约金额1470.83亿元，同比增长23.19%。,wallstreetcn
31180,2019-05-07,0.976822,云财经讯，保利地产公告，2019年4月，公司实现签约面积255.16万平方米，同比增长21.26%；实现签约金额374.23亿元，同比增长15.27%。2019年1-4月，公司实现签约面积955.20万平方米，同比增长18.93%；实现签约金额1470.83亿元，同比增长23.19%。,yuncaijing
65195,2019-05-23,0.965693,  【2019中国房地产上市公司百强揭晓 恒大蝉联榜首】根据《2019中国房地产上市公司测评研究报告》，中国恒大成功蝉联榜首，前三名与2018年一致，依旧为中国恒大、万科A和碧桂园。保利地产、中国海外发展和融创中国分别居于第四到第六位，龙湖集团、新城控股、华润置地和富力地产分列第七至十位。,sina
43594,2019-05-24,0.605887,【恒万碧蝉联上市房企三甲 头部聚集趋势不改】5月23日，2019中国房地产上市公司百强榜单揭晓。根据最新发布的《2019中国房地产上市公司测评研究报告》，中国恒大、万科A和碧桂园蝉联三甲位置，保利地产、中国海外发展、融创中国、龙湖集团、新城控股、华润置地和富力地产分列4至10位。（上海证券报）,eastmoney
44710,2019-05-28,0.195976,【近三成上市房企资产过千亿 行业持续向头部集聚】日前，中国房地产业协会和易居房地产研究院中国房地产测评中心联合发布《2019中国房地产上市公司测评研究报告》显示，中国恒大、万科A和碧桂园仍位列上市房企三甲。保利地产、中国海外发展和融创中国分居四到六位，龙湖集团、新城控股、华润置地和富力地产分列七至十位。（经济参考报）,eastmoney
16488,2019-05-30,0.783114,北京产权交易所今日预披露信息显示，保利地产全资子公司保利（北京）房地产开发有限公司拟出让其持有的北京保利融创房地产开发有限公司50.5%股权，预披露结束日期为6月27日（新京报）,10jqka
45313,2019-05-30,0.964896,【出让50.5%股权 保利北京欲退出与融创合作亦庄项目】北京产权交易所今日预披露，保利地产全资子公司保利(北京)房地产开发有限公司拟出让其持有的北京保利融创房地产开发有限公司50.5%股权，预披露结束日期为6月27日。据了解，2012年9月，保利北京与融创联手夺得北京亦庄地块，成立北京保利融创房地产开发有限公司。这项股权转让意味着，历时六年多后，保利北京准备要退出与融创合作的亦庄地块开发了。(新京报),eastmoney
37490,2019-05-30,0.968813,云财经讯，北京产权交易所今日预披露，保利地产全资子公司保利（北京）房地产开发有限公司拟出让其持有的北京保利融创房地产开发有限公司50.5%股权，预披露结束日期为6月27日。据了解，2012年9月，保利北京与融创联手夺得北京亦庄地块，成立北京保利融创房地产开发有限公司。这项股权转让意味着，历时六年多后，保利北京准备要退出与融创合作的亦庄地块开发了。（新京报）,yuncaijing
68654,2019-05-30,0.968345,【出让50.5%股权 保利北京欲退出与融创合作亦庄项目】北京产权交易所今日预披露，保利地产全资子公司保利（北京）房地产开发有限公司拟出让其持有的北京保利融创房地产开发有限公司50.5%股权，预披露结束日期为6月27日。据了解，2012年9月，保利北京与融创联手夺得北京亦庄地块，成立北京保利融创房地产开发有限公司。这项股权转让意味着，历时六年多后，保利北京准备要退出与融创合作的亦庄地块开发了。（新京报）,sina
69143,2019-05-31,0.350061,保利地产：接到广元市监察委员会通知，公司副总经理吴章焰被立案调查并采取留置措施。,sina
86408,2019-05-31,0.350061,"保利地产：接到广元市监察委员会通知，公司副总经理吴章焰被立案调查并采取留置措施。
",wallstreetcn
16657,2019-05-31,0.0879166,5月31日晚间公告集锦：三祥新材四天三板提示风险：未从事任何稀土矿产的开采和稀土生产的业务；保利地产：副总经理吴章焰被立案调查；金力永磁提示风险：公司不从事相关稀土分离冶炼业务。,10jqka
37722,2019-05-31,0.479158,云财经讯，保利地产：接到广元市监察委员会通知，公司副总经理吴章焰被立案调查并采取留置措施,yuncaijing
71648,2019-06-05,0.624737,房地产板块拉升，中交地产涨停，阳光城大涨6%，荣丰控股、保利地产、合肥城建涨逾3%，万科A涨2.87%。,sina
17978,2019-06-06,0.398861,晚间公告集锦：天风证券：母公司5月份净利润近3800万元；唐人神：5月份生猪销售收入环比减少15.4%；保利地产：前5月签约金额1890亿元，同比增约22%。,10jqka
72084,2019-06-06,0.974282,【 保利地产：前5月签约金额1890亿元 同比增约22% 】 保利地产(600048)6月6日晚间公告，2019年5月，公司实现签约面积271.64万平方米，同比增长21.92%；实现签约金额418.79亿元，同比增长17.24%。2019年1-5月，公司实现签约面积1226.84万平方米，同比增长19.58%；实现签约金额1889.61亿元，同比增21.82%。,sina
51704,2019-06-20,0.72479,【保利前五月加速拿地 超7000亿负债何时回归行业前三】对于中国房地产行业数千亿级别领跑的企业来说，所谓“兵马未动，粮草先行”，竞技的关键无疑是土地，土地，还是土地。由此，立志要重回房地产行业前三的保利地产(600048.SH)，在2019年以来展开了一场加速拿地战。然而，高溢价的拿地方式，一定程度上对于保利地产后续发展可谓“双刃剑”，毕竟对赌政策，看好后市的野心让国企性质的保利并不同于一般民企。（投资者网）,eastmoney
79328,2019-06-22,0.0608189,【前5月7房企销售规模破千亿 土地资源将集中于头部】6月下旬，各大房企陆续公布前5个月的销售“成绩单”。1-5月，标杆房企业绩亮眼，千亿销售额阵营有所增加，碧桂园、万科A、中国恒大、融创中国、保利地产等7家房企销售规模破千亿。监管趋严背景下，大型房企资金优势凸显，土地资源将进一步集中于头部企业。（中新经纬）,sina
21539,2019-06-22,0.273442,6月下旬，各大房企陆续公布前5个月的销售“成绩单”。1-5月，标杆房企业绩亮眼，千亿销售额阵营有所增加，碧桂园、万科A、中国恒大、融创中国、保利地产等7家房企销售规模破千亿。监管趋严背景下，大型房企资金优势凸显，土地资源将进一步集中于...,10jqka
53720,2019-06-27,0.803509,【成都“地王”易主 土拍价再创新高】今年5月，首次进入成都的禹州地产，曾以18400元/㎡摘得三圣乡地块，拿下成都“地王”，但仅一个月便易主。6月27日，成都两新盘再现万人抢房后，拿出两宗住宅用地开拍。其中，青羊宗地由四川金雁以18512元/㎡竞得，溢价48%，成都地价再次创下新高；武侯宗地则由保利地产以17190元/㎡竞得，溢价69%。据悉，今日出让的两宗地重启“限价竞买+续竞自持租赁住房面积+抽签竞得”的拍卖方式。（证券时报）,eastmoney
44822,2019-06-27,0.896438,云财经讯，今年5月，首次进入成都的禹州地产，曾以18400元/㎡摘得三圣乡地块，拿下成都“地王”，但仅一个月便易主。6月27日，成都两新盘再现万人抢房后，拿出两宗住宅用地开拍。其中，青羊宗地由四川金雁以18512元/㎡竞得，溢价48%，成都地价再次创下新高；武侯宗地则由保利地产以17190元/㎡竞得，溢价69%。据悉，今日出让的两宗地重启“限价竞买+续竞自持租赁住房面积+抽签竞得”的拍卖方式。,yuncaijing
81603,2019-06-27,0.803509,【成都“地王”易主 土拍价再创新高】今年5月，首次进入成都的禹州地产，曾以18400元/㎡摘得三圣乡地块，拿下成都“地王”，但仅一个月便易主。6月27日，成都两新盘再现万人抢房后，拿出两宗住宅用地开拍。其中，青羊宗地由四川金雁以18512元/㎡竞得，溢价48%，成都地价再次创下新高；武侯宗地则由保利地产以17190元/㎡竞得，溢价69%。据悉，今日出让的两宗地重启“限价竞买+续竞自持租赁住房面积+抽签竞得”的拍卖方式。（证券时报）,sina
46894,2019-07-04,0.757073,云财经讯，房地产板块异动，龙头财信发展、荣安地产双双涨停，阳光城、卧龙地产、合肥城建、保利地产集体走强,yuncaijing
55978,2019-07-04,0.809032,【地产板块异动拉升】地产板块异动拉升，荣安地产直线拉升封涨停，保利地产、阳光城涨逾4%，泰禾集团、世茂股份、卧龙地产、合肥城建、渝开发等纷纷走强。,eastmoney
84896,2019-07-04,0.785776,地产板块异动拉升，荣安地产直线拉升封涨停，保利地产、阳光城涨逾4%，泰禾集团、世茂股份、卧龙地产、合肥城建、渝开发等纷纷走强。,sina
47601,2019-07-08,0.976521,云财经讯，保利地产公告，2019年6月，公司实现签约面积409.63万平方米，同比降低4.28%；实现签约金额636.62亿元，同比增长5.76%。2019年1-6月，公司实现签约面积1636.47万平方米，同比增长12.56%；实现签约金额2526.24亿元，同比增长17.33%。,yuncaijing
56765,2019-07-08,0.959645,【保利地产：上半年签约金额2526亿元 同比增17%】保利地产(600048)7月8日晚间公告，2019年6月，公司实现签约面积409.63万平方米，同比降低4.28%；实现签约金额636.62亿元，同比增长5.76%。2019年1-6月，公司实现签约面积1636.47万平方米，同比增长12.56%；实现签约金额2526.24亿元，同比增长17.33%。（证券时报网）,eastmoney
56768,2019-07-08,0.935584,【继中船系之后 保利集团与中丝集团重组！概念股午后逆势走强 新一轮国改主题起风了？】从盘面上来看，权重与题材股几乎“绿油油”一片，仅农业与养殖板块一枝独秀，不过午后久联发展直线涨停，保利地产、中国海诚也跟随上行，随后受股指拖累，股价再度下行，好在九联发展维持强势至收盘。,eastmoney
86143,2019-07-08,0.799862,久联发展午后直线封板，保利地产涨逾2%，中国海诚翻红。国资委消息，经报国务院批准，中国保利集团有限公司与中国中丝集团有限公司实施重组。,sina
85922,2019-07-08,0.968801,保利地产公告，2019年6月，公司实现签约面积409.63万平方米，同比降低4.28%；实现签约金额636.62亿元，同比增长5.76%。2019年1-6月，公司实现签约面积1636.47万平方米，同比增长12.56%；实现签约金额2526.24亿元，同比增长17.33%。,sina
25665,2019-07-08,0.929346,保利地产(600048)7月8日晚间公告，2019年6月，公司实现签约面积409.63万平方米，同比降低4.28%；实现签约金额636.62亿元，同比增长5.76%。2019年1-6月，公司实现签约面积1636.47万平方米，同比增长12.56%；实现签约金额2526.24亿元，同比增长17....,10jqka
47731,2019-07-08,0.725265, 云财经讯，久联发展午后直线封板，保利地产涨0.5%，消息面上，中国保利集团有限公司与中国中丝集团有限公司实施重组,yuncaijing
86531,2019-07-09,0.571217,北上资金今日净卖出五粮液2.74亿元、海康威视2.71亿元、新城控股2.24亿元，保利地产、贵州茅台、上海机场遭抛售逾1亿元。,sina
47984,2019-07-09,0.662569,云财经讯，北上资金今日净卖出五粮液2.74亿元、海康威视2.71亿元、新城控股2.24亿元，保利地产、贵州茅台、上海机场遭抛售逾1亿元,yuncaijing
89686,2019-07-15,0.923495,【本周解禁市值不足300亿 两股实现全流通】统计显示，本周面临解禁个股有31只，以最新收盘价计算，解禁市值为281亿元，与上周482亿解禁市值相比，大幅下降超40%。值得一提的是，本次解禁完成后，保利地产与华贸物流将实现全流通。,sina
59210,2019-07-16,0.127927,【第一“股神”交成绩单：社保基金凭啥累计赚了近万亿？就靠这些金股打天下！】2019年上半年公募刮起一阵消费热潮，食品饮料板块尤其是白酒行业涨幅喜人受到各路资金追捧，记者注意到，截至二季度末，金融、消费龙头股仍是股基“心头好”。根据已经披露基金二季报的数据，贵州茅台、中国平安、五粮液、格力电器、伊利股份、温氏股份、中信证券、保利地产、美的集团、长春高新跻身公募持股市值前十，晋升为最受二季度首批公募基金偏爱的前十大重仓股。（每日经济新闻）,eastmoney
59984,2019-07-18,0.907382,【保利地产业绩快报：上半年净利同比增59%】保利地产(600048)7月18日晚发布业绩快报，公司今年上半年实现营收711.6亿元，同比增长19.52%；净利103.53亿元，同比增长59.14%；每股收益0.87元。公司报告期内实现签约金额2526亿元，同比增长17.33%，为以后年度的业绩增长奠定了基础。（证券时报网）,eastmoney
28726,2019-07-18,0.72744,保利地产(600048)7月18日晚发布业绩快报，公司今年上半年实现营收711.6亿元，同比增长19.52%；净利103.53亿元，同比增长59.14%；每股收益0.87元。,10jqka
50769,2019-07-18,0.803012, 云财经讯，保利地产业绩快报：上半年实现营收711.6亿元，同比增长19.52%；实现净利润103.5亿元，同比增长59.14%,yuncaijing
90985,2019-07-18,0.788745,保利地产业绩快报：上半年实现营收711.6亿元，同比增长19.52%；实现净利润103.5亿元，同比增长59.14%。,sina
59985,2019-07-18,0.628145,【保利地产：上半年归属公司股东净利润103.52亿元 同比增58.14%】报告期内，公司营业总收入同比增长19.52%；因结转项目毛利率同比提高、投资收益增加，营业利润同比增长39.30%，利润总额同比增长38.55%；因结转项目权益比例提高，归属于上市公司股东的净利润同比增长59.14%。,eastmoney
29017,2019-07-19,0.387455,光大证券发布保利地产的研报指出，公司可结算基础扎实，2019年上半年利润释放提速；行业资金趋紧下，融资优势或加速向拿地优势转化，销售市占率提升确定性增强，业绩增长可持续性提升。,10jqka
92885,2019-07-23,0.681843,北上资金今日净买入保利地产2.31亿元、三一重工2.07亿元，净卖出五粮液5.02亿元、贵州茅台4.24亿元。,sina
52217,2019-07-23,0.0848549,云财经讯，与今年一季度末相比，公募基金在二季度对地产龙头股的态度似乎有些冷淡。市值排名前10的地产股中，只有保利地产在今年二季度获得公募基金增持，万科A、招商蛇口、华夏幸福等地产龙头股均在此期间遭遇了公募基金大举减持，万科A也由此前的第8大基金重仓股下滑至第14位。（证券日报）,yuncaijing
52024,2019-07-23,0.737341,云财经讯，北上资金今日净买入保利地产2.31亿元、三一重工2.07亿元，净卖出五粮液5.02亿元、贵州茅台4.24亿元,yuncaijing
61393,2019-07-23,0.674557,【北向资金卖出五粮液、贵州茅台等】北向资金今日净流出4.05亿元。五粮液、贵州茅台、大族激光被净卖出金额居前，分别遭净卖出5.02亿元、4.24亿元、3.34亿元；保利地产逆市获净买入2.31亿元。（证券时报网）,eastmoney
30000,2019-07-23,0.0422689,与今年一季度末相比，公募基金在二季度对地产龙头股的态度似乎有些冷淡。市值排名前10的地产股中，只有保利地产在今年二季度获得公募基金增持，万科A、招商蛇口、华夏幸福等地产龙头股均在此期间遭遇了公募基金大举减持，万科A也由此前的第8大基...,10jqka
93169,2019-07-23,0.0479857,【公募连续四个季度超配地产 万科A等龙头股反被大举减持】与今年一季度末相比，公募基金在二季度对地产龙头股的态度似乎有些冷淡。市值排名前10的地产股中，只有保利地产在今年二季度获得公募基金增持，万科A、招商蛇口、华夏幸福等地产龙头股均在此期间遭遇了公募基金大举减持，万科A也由此前的第8大基金重仓股下滑至第14位。（证券日报）,sina
96455,2019-07-31,0.241199,地产股开盘后小幅跳水，截至发稿，万科A跌超3%，保利地产、新城控股、金地集团等跌超2%。,sina
54390,2019-07-31,0.803565,云财经讯，北向资金今日净流出4.99亿元。贵州茅台、五粮液、保利地产净卖出居前，分别遭净卖出2.34亿元、1.8亿元、1.78亿元；温氏股份逆市获净买入1.1亿元。,yuncaijing
54531,2019-07-31,0.75587,云财经讯，房地产板块早盘领跌，万科A、华夏幸福、金地集团、保利地产等集体跌超3%。消息面上，中共中央政治局会议提出落实房地产长效管理机制，不将房地产作为短期刺激经济的手段,yuncaijing
63827,2019-07-31,0.0589799,【地产股开盘后集体走低 万科A跌超3%】地产股开盘后小幅跳水，截至发稿，万科A跌超3%，保利地产、新城控股、金地集团等跌超2%。,eastmoney
63665,2019-07-31,0.928998,【北向资金今净流出约5亿元 贵州茅台、五粮液净卖出额居前】7月31日，北向资金净流出约5亿元。盘后数据显示，贵州茅台、五粮液、保利地产净卖出额居前，分别遭净卖出2.34亿元、1.80亿元、1.78亿元；温氏股份、兴业银行获净买入1.10亿元、0.99亿元，净买入额居前。（证券时报网）,eastmoney
96254,2019-07-31,0.841466, 【北向资金今日净流出4.99亿元 温氏股份逆市获净买入1.1亿元】北向资金今日净流出4.99亿元。贵州茅台、五粮液、保利地产净卖出居前，分别遭净卖出2.34亿元、1.8亿元、1.78亿元；温氏股份逆市获净买入1.1亿元。,sina
96746,2019-08-01,0.712022,北上资金今日净买入温氏股份2.11亿元、中国太保1.82亿元、保利地产1.4亿元，净卖出贵州茅台6.76亿元、中国平安3.12亿元，东方财富、海康威视、涪陵榨菜、五粮液均遭逾1亿元抛售。,sina
97802,2019-08-03,0.933424,【 66只潜力股被逾10家机构集中推荐，科技与金融两领域是八月配置核心 】 机构研报扎堆看好科技、金融两大领域的结构性机会。根据同花顺数据统计发现，近30日内，有998只个股受到机构推荐，其中，66只个股期间机构看好评级家数均达到10家及以上，受到机构集中青睐。具体来看，贵州茅台、三一重工、海康威视、中国国旅、新宙邦、保利地产等6只个股期间机构看好评级家数显著居前。（证券日报）,sina
55479,2019-08-03,0.940134,云财经讯，机构研报扎堆看好科技、金融两大领域的结构性机会。根据同花顺数据统计发现，近30日内，有998只个股受到机构推荐，其中，66只个股期间机构看好评级家数均达到10家及以上，受到机构集中青睐。具体来看，贵州茅台、三一重工、海康威视、中国国旅、新宙邦、保利地产等6只个股期间机构看好评级家数显著居前。（证券日报）,yuncaijing
56401,2019-08-07,0.862971, 云财经讯，保利地产公告，公司全资子公司保利物业，已于8月6日向香港联交所递交了首次公开发行境外上市外资股（H股）并在香港联交所主板上市的申请资料。保利物业发行H股事项尚需取得中国证监会、香港证监会及香港联交所等核准。,yuncaijing
33759,2019-08-07,0.792969,保利地产公告，公司全资子公司保利物业，已于8月6日向香港联交所递交了首次公开发行境外上市外资股（H股）并在香港联交所主板上市的申请资料。保利物业发行H股事项尚需取得中国证监会、香港证监会及香港联交所等核准。,10jqka
99277,2019-08-07,0.760646,【保利地产：子公司保利物业已递交H股上市申请资料】保利地产公告，公司全资子公司保利物业，已于8月6日向香港联交所递交了首次公开发行境外上市外资股（H股）并在香港联交所主板上市的申请资料。保利物业发行H股事项尚需取得中国证监会、香港证监会及香港联交所等核准。,sina
99979,2019-08-08,0.19566,【粤上市房企前7个月 发债融资超200亿元】今年以来，房企融资势头凶猛。记者统计的注册地在广东的25家A股上市房企的发债数据显示，今年前7个月，有9家房企发行债券，规模合计约201亿元人民币。其中，保利地产和金地集团均通过境外全资子公司海外发债。（证券日报）,sina
34241,2019-08-08,0.22098,今年以来，房企融资势头凶猛。记者统计的注册地在广东的25家A股上市房企的发债数据显示，今年前7个月，有9家房企发行债券，规模合计约201亿元人民币。其中，保利地产和金地集团均通过境外全资子公司海外发债。(证券日报),10jqka
100193,2019-08-09,0.743665,保利地产：7月实现签约金额270.37亿元，同比增长13.18%；1-7月实现签约金额2796.61亿元，同比增长16.92%。,sina
57086,2019-08-09,0.790604,云财经讯，保利地产：7月，实现签约金额270.37亿元，同比增长13.18%；1-7月，实现签约金额2796.61亿元，同比增长16.92%,yuncaijing
101118,2019-08-12,0.961653,【保利地产：上半年实现净利润99.55亿元  同比增长53.28%】保利地产披露半年报，2019年上半年公司实现签约金额2526.24亿元，同比增长17.33%；实现签约面积1636.47万平方米，同比增长12.56%。上半年实现净利润99.55亿元，同比增长53.28%。,sina
67002,2019-08-12,0.701249,【保利地产：上半年净利99.55亿元 同比增53%】保利地产(600048)8月12日晚间披露半年报，公司上半年实现营业收入711.21亿元，同比增长19.49%；净利润99.55亿元，同比增长53.28%。基本每股收益0.84元。报告期内，公司房地产业务结转利润水平持续改善，房地产结算毛利率为40.96%，较去年同期提升5.68个百分点，综合毛利率及净利率分别提升至39.77%和18.22%。因结转项目权益比例提高，实现净利润同比增长。（证券时报网）,eastmoney
57637,2019-08-12,0.745584,云财经讯，北上资金今日净买入平安银行12.76亿元、贵州茅台5.89亿元，净卖出保利地产1.56亿元、立讯精密1.49亿元,yuncaijing
57617,2019-08-12,0.741468, 云财经讯，保利地产：上半年实现净利润99.55亿元，同比增长53.28%,yuncaijing
104257,2019-08-19,0.0372891,【碧桂园等地产股大涨 分析称利率下行预期料利好需求】中资地产股今日大涨，截至午盘，碧桂园上涨5.6%，盘中一度上涨6.7%，创下今年1月来盘中最大升幅。融创中国上涨7.18%，雅居乐集团大涨8%，首创置业上涨5.45%，中国恒大上涨4.32%。A股方面，保利地产、首开股份、万科A、绿地控股等均有上涨。分析称，地产股上涨是因为LPR形成机制改革产生利率下行预期，对地产企业的融资端和购房需求都形成利好。,sina
63096,2019-08-29,0.971689,云财经讯，8月29日，北向资金净流入3.84亿元。个股方面，云南白药、招商银行、正邦科技净卖出额居前，分别为1.34亿元、1.25亿元和1.14亿元；五粮液、美的集团、保利地产净买入额居前，分别为3亿元、2.16亿元和1.78亿元。,yuncaijing
