,Unnamed: 0,date,sentiment_score,content,source,real_date
0,2525,2019-01-07,0.744767,【达实智能签署《安徽省淮南市山南新区综合医院 PPP 项目（一期）合同》】达实智能晚间公告，公司为联合体牵头人与联合体成员中国建筑一局、淮南市卫生和计划生育委员会签署了《安徽省淮南市山南新区综合医院 PPP 项目（一期）合同》，项目建设成本10.82亿元。,sina,2019-01-08
1,1651,2019-01-07,0.703491,云财经讯，达实智能晚间公告，公司为联合体牵头人与联合体成员中国建筑一局、淮南市卫生和计划生育委员会签署了《安徽省淮南市山南新区综合医院 PPP 项目（一期）合同》，项目建设成本10.82亿元。,yuncaijing,2019-01-08
2,5267,2019-01-11,0.979381,【国资委放权 十家央企示范创建世界一流】记者了解到，国资委选定航天科技、中石油、国家电网、三峡、国家能源集团、中移动、中航、中国建筑、中车、中广核等10家单位，作为创建世界一流示范企业。日前征求意见的《关于中央企业创建世界一流示范企业有关事项的通知》显示，国资委将进一步放权授权，示范企业可以自主决策、综合运用混改、员工持股、股权激励等各项国企改革政策，力争建设“三个领军”、“三个领先”、“三个典范”的世界一流企业在3年左右时间取得显著成效。（经济参考报）,sina,2019-01-11
3,3388,2019-01-11,0.979381,【国资委放权 十家央企示范创建世界一流】记者了解到，国资委选定航天科技、中石油、国家电网、三峡、国家能源集团、中移动、中航、中国建筑、中车、中广核等10家单位，作为创建世界一流示范企业。日前征求意见的《关于中央企业创建世界一流示范企业有关事项的通知》显示，国资委将进一步放权授权，示范企业可以自主决策、综合运用混改、员工持股、股权激励等各项国企改革政策，力争建设“三个领军”、“三个领先”、“三个典范”的世界一流企业在3年左右时间取得显著成效。（经济参考报）,eastmoney,2019-01-11
4,6113,2019-01-11,0.980009,【国资委放权，十家央企示范创建世界一流】据了解，国资委选定航天科技、中石油、国家电网、三峡、国家能源集团、中移动、中航、中国建筑、中车、中广核等10家单位，作为创建世界一流示范企业。日前征求意见的《关于中央企业创建世界一流示范企业有关事项的通知》显示，国资委将进一步放权授权，示范企业可以自主决策、综合运用混改、员工持股、股权激励等各项国企改革政策，力争建设“三个领军”、“三个领先”、“三个典范”的世界一流企业在3年左右时间取得显著成效。（经参）,wallstreetcn,2019-01-11
5,6114,2019-01-11,0.9795860000000001,"【国资委放权 十家央企示范创建世界一流】据了解，国资委选定航天科技、中石油、国家电网、三峡、国家能源集团、中移动、中航、中国建筑、中车、中广核等10家单位，作为创建世界一流示范企业。日前征求意见的《关于中央企业创建世界一流示范企业有关事项的通知》显示，国资委将进一步放权授权，示范企业可以自主决策、综合运用混改、员工持股、股权激励等各项国企改革政策，力争建设“三个领军”、“三个领先”、“三个典范”的世界一流企业在3年左右时间取得显著成效。（经参）
",wallstreetcn,2019-01-11
6,3934,2019-01-11,0.97946,云财经讯，记者了解到，国资委选定航天科技、中石油、国家电网、三峡、国家能源集团、中移动、中航、中国建筑、中车、中广核等10家单位，作为创建世界一流示范企业。日前征求意见的《关于中央企业创建世界一流示范企业有关事项的通知》显示，国资委将进一步放权授权，示范企业可以自主决策、综合运用混改、员工持股、股权激励等各项国企改革政策，力争建设“三个领军”、“三个领先”、“三个典范”的世界一流企业在3年左右时间取得显著成效。（经济参考报）,yuncaijing,2019-01-11
7,9409,2019-01-17,0.701741,中国建筑：预计2018年度净利润363亿元-395亿元，同比增长10.2%到19.9%。,wallstreetcn,2019-01-18
8,5252,2019-01-17,0.9432870000000001,云财经讯，中国建筑 公告，预计2018 年年度实现归属于上市公司股东的净利润为363亿元至395亿元，与上年同期相比将增加 33.6 亿元到 65.6 亿元，同比增加 10.2%到 19.9%。,yuncaijing,2019-01-18
9,7823,2019-01-17,0.915399,中国建筑 公告，预计2018 年年度实现归属于上市公司股东的净利润为363亿元至395亿元，与上年同期相比将增加 33.6 亿元到 65.6 亿元，同比增加 10.2%到 19.9%。,sina,2019-01-18
10,8670,2019-01-18,0.9392969999999999,【工信部：实施建材行业智能制造绿色制造】1月17日，工信部原材料工业司司长王伟带队赴中国建筑材料联合会调研座谈。王伟表示，要建立和完善市场化法治化的去产能长效机制，进一步巩固水泥平板玻璃化解过剩产能成效；要深入推进产业融合、两化融合、军民融合，实施建材行业智能制造绿色制造，加快补齐无机非金属新材料短板；要进一步加大“放管服”改革力度，激发建材行业市场主体活力，希望与建材联合会就这些重点工作任务不断加强沟通交流，共同致力于推动建材行业的高质量发展。,sina,2019-01-19
11,8617,2019-01-18,0.8174319999999999,"中国建筑：2018年建筑业务新签合同额同比增长4.6%，至23,233亿元。",sina,2019-01-19
12,10480,2019-01-18,0.840835,【工信部：实施建材行业智能制造绿色制造】1月17日，工信部原材料工业司司长王伟带队赴中国建筑材料联合会调研座谈。王伟表示，要建立和完善市场化法治化的去产能长效机制，进一步巩固水泥平板玻璃化解过剩产能成效；要深入推进产业融合、两化融合、军民融合，实施建材行业智能制造绿色制造，加快补齐无机非金属新材料短板。,wallstreetcn,2019-01-19
13,15265,2019-01-25,0.968989,"【国家电网等10家为央企首批创建世界一流示范企业】国资委今天宣布，选择航天科技、中国石油、国家电网、中国三峡集团、国家能源集团、中国移动、中航集团、中国建筑、中国中车集团、中广核，共10家企业作为创建世界一流示范企业。（证券时报e公司）
",wallstreetcn,2019-01-25
14,15264,2019-01-25,0.968989,【国家电网等10家为央企首批创建世界一流示范企业】国资委今天宣布，选择航天科技、中国石油、国家电网、中国三峡集团、国家能源集团、中国移动、中航集团、中国建筑、中国中车集团、中广核，共10家企业作为创建世界一流示范企业。（e公司）,wallstreetcn,2019-01-25
15,12363,2019-01-25,0.9889700000000001,【国资委：国家电网等10家为央企首批创建世界一流示范企业】为加快培育具有全球竞争力的世界一流企业，国资委今天宣布，选择航天科技、中国石油、国家电网、中国三峡集团、国家能源集团、中国移动、中航集团、中国建筑、中国中车集团、中广核，共10家企业作为创建世界一流示范企业。国资委表示，接下来，会及时调整出资人监管权力和责任清单，进一步减少审批事项，改进监管方式，实现“该放的放权到位，该管的管住管好”，为培育世界一流企业创造有利条件。,sina,2019-01-25
16,12082,2019-01-25,0.644894,中国建筑近期获得741.4亿元重大项目。,sina,2019-01-25
17,2530,2019-01-25,0.9855709999999999,为加快培育具有全球竞争力的世界一流企业，国资委今天宣布，选择航天科技、中国石油、国家电网、中国三峡集团、国家能源集团、中国移动、中航集团、中国建筑、中国中车集团、中广核，共10家企业作为创建世界一流示范企业。,10jqka,2019-01-25
18,7450,2019-01-25,0.980691,【国资委：国家电网等10家为央企首批创建世界一流示范企业】为加快培育具有全球竞争力的世界一流企业，国资委今天宣布，选择航天科技、中国石油、国家电网、中国三峡集团、国家能源集团、中国移动、中航集团、中国建筑、中国中车集团、中广核，共10家企业作为创建世界一流示范企业。国资委表示，接下来，会及时调整出资人监管权力和责任清单，进一步减少审批事项，改进监管方式，实现“该放的放权到位，该管的管住管好”，为培育世界一流企业创造有利条件。（证券时报）,eastmoney,2019-01-26
19,7670,2019-01-26,0.9788709999999999,【10家央企列入创建世界一流示范企业 3年内在授权、混改等方面改革力度空前】国资委25日召开中央企业创建世界一流示范企业座谈会，会中明确航天科技、中国石油、国家电网、中国三峡集团、国家能源集团、中国移动、中航集团、中国建筑、中国中车集团、中广核等10家企业为创建世界一流示范企业。据悉，入选的10家央企3年内将在授权、混改、员工持股、股权激励等方面的改革力度空前，各央企将于2019年3月底上报各自方案。（中国证券报）,eastmoney,2019-01-26
20,13991,2019-01-29,0.9844959999999999,【许多国资国企改革举措有望加快操作落地】近期，国务院国有资产监督管理委员会明确航天科技、中国石油、国家电网、中国三峡集团、国家能源集团、中国移动、中航集团、中国建筑、中国中车集团、中广核等10家中央企业为创建世界一流示范企业，探索培育具有全球竞争力的世界一流企业的有效途径。专家指出，中央企业创建世界一流示范性企业试点释放出重要的改革信号，许多国资国企改革举措有望加快操作落地。（人民日报海外版）,sina,2019-01-29
21,9702,2019-02-02,0.949456,【中建六局参与天津市国企混改 并购天津振津公司70%股权】中国建筑第六工程局有限公司并购天津振津工程集团有限公司70%股权的混改签约仪式2日在天津举行，此举标志中建六局在拓展水利水电业务又迈出坚实一步，天津振津公司在中建六局、津联控股两大股东支持下，也走向跨越式发展“快车道”。（中国新闻网）,eastmoney,2019-02-03
22,22214,2019-02-11,0.966943,【央地联手混改落槌，中建六局并购天津振津公司70%股权】日前，驻津央企中国建筑第六工程局有限公司并购天津振津工程集团有限公司70%股权的混改签约仪式在天津市举行。天津振津作为天津市属国企，深耕水利水电行业多年，通过此次央企投资参与混改，天津振津将成为中建旗下集设计、研发、投资、建造为一体的水利水电投资建设集团公司，进一步激发发展活力。（天津日报）,wallstreetcn,2019-02-11
23,7457,2019-02-11,0.972959,云财经讯，日前，驻津央企中国建筑第六工程局有限公司并购天津振津工程集团有限公司70%股权的混改签约仪式在天津市举行。天津振津作为天津市属国企，深耕水利水电行业多年，通过此次央企投资参与混改，天津振津将成为中建旗下集设计、研发、投资、建造为一体的水利水电投资建设集团公司，进一步激发发展活力。（天津日报）,yuncaijing,2019-02-11
24,17972,2019-02-11,0.9669280000000001,【央地联手混改落槌 中建六局并购天津振津公司70%股权】日前，驻津央企中国建筑第六工程局有限公司并购天津振津工程集团有限公司70%股权的混改签约仪式在天津市举行。天津振津作为天津市属国企，深耕水利水电行业多年，通过此次央企投资参与混改，天津振津将成为中建旗下集设计、研发、投资、建造为一体的水利水电投资建设集团公司，进一步激发发展活力。（天津日报）,sina,2019-02-11
25,18106,2019-02-12,0.341594,中国建筑：安邦资管转让46.44亿股股份予安邦人寿，安邦系持股不变。,sina,2019-02-13
26,7531,2019-02-12,0.45949799999999996,云财经讯，中国建筑：安邦资管转让46.44亿股股份予安邦人寿，安邦系持股不变,yuncaijing,2019-02-13
27,22399,2019-02-12,0.341594,中国建筑：安邦资管转让46.44亿股股份予安邦人寿，安邦系持股不变。,wallstreetcn,2019-02-13
28,9276,2019-02-19,0.776506, 云财经讯，中国建筑1月建筑业务新签合同1927亿元，同比增长7.5%。,yuncaijing,2019-02-19
29,21475,2019-02-19,0.494138,【中国中铁承建或参建的10项工程荣获鲁班奖】近日，中国建筑业协会公布了121项2018～2019年度第一批中国建设工程鲁班奖（国家优质工程）入选工程名单。其中，中国中铁承建或参建的10项工程荣获鲁班奖。至此，中国中铁累计获得中国建设工程鲁班奖172项。,sina,2019-02-19
30,21407,2019-02-19,0.6830390000000001,中国建筑1月建筑业务新签合同1927亿元，同比增长7.5%。,sina,2019-02-20
31,26557,2019-02-19,0.719859,中国建筑：1月建筑业务新签合同1927亿元，同比增长7.5%。,wallstreetcn,2019-02-20
32,13977,2019-02-19,0.986992,【中金：粤港澳大湾区有望拉动基建投资需求】中金报告称，大湾区交通运输体系规划得到部署后，基础设施建设有望加速，建议关注在港口航道、跨海大桥建设方面有突出优势的中国交建，以及在港澳基建市场具有较高市场份额的中国建筑国际，在机场建设领域市场份额高、优势明显的中国建筑；规划纲要还指出要加强地区电网建设并完善输配电网络，建议关注电网建设龙头中国能源建设；湾区建设强调生态环保，建议关注水环境综合治理龙头中国电建、东方园林、岭南股份等；纲要提出要推进新型智慧城市试点示范，建议关注达实智能。,eastmoney,2019-02-20
33,21738,2019-02-19,0.986992,【中金：粤港澳大湾区有望拉动基建投资需求】中金报告称，大湾区交通运输体系规划得到部署后，基础设施建设有望加速，建议关注在港口航道、跨海大桥建设方面有突出优势的中国交建，以及在港澳基建市场具有较高市场份额的中国建筑国际，在机场建设领域市场份额高、优势明显的中国建筑；规划纲要还指出要加强地区电网建设并完善输配电网络，建议关注电网建设龙头中国能源建设；湾区建设强调生态环保，建议关注水环境综合治理龙头中国电建、东方园林、岭南股份等；纲要提出要推进新型智慧城市试点示范，建议关注达实智能。,sina,2019-02-20
34,14768,2019-02-21,0.26655300000000004,【1月全国建材家居市场销售额同比下降超9%】近日，由商务部流通业发展司、中国建筑材料流通协会共同发布的全国建材家居景气指数(“BHI”)1月份数据公布。1月BHI为73.99，环比下降19.74点，同比下降5.83点。全国规模以上建材家居卖场1月销售额为617.0亿元，环比下降32.88%，同比下降9.46%。在房地产市场直接影响下，1月全国建材家居市场整体稳中有降，与去年同期相比市场仍然处于弱维稳态势。(新京报),eastmoney,2019-02-21
35,28503,2019-02-21,0.30721,【1月全国建材家居市场销售额同比下降超9%】近日，由商务部流通业发展司、中国建筑材料流通协会共同发布的全国建材家居景气指数(“BHI”)1月份数据公布。1月BHI为73.99，环比下降19.74点，同比下降5.83点。全国规模以上建材家居卖场1月销售额为617.0亿元，环比下降32.88%，同比下降9.46%。在房地产市场直接影响下，1月全国建材家居市场整体稳中有降，与去年同期相比市场仍然处于弱维稳态势。（新京报）,wallstreetcn,2019-02-21
36,22923,2019-02-21,0.30721,【1月全国建材家居市场销售额同比下降超9%】近日，由商务部流通业发展司、中国建筑材料流通协会共同发布的全国建材家居景气指数(“BHI”)1月份数据公布。1月BHI为73.99，环比下降19.74点，同比下降5.83点。全国规模以上建材家居卖场1月销售额为617.0亿元，环比下降32.88%，同比下降9.46%。在房地产市场直接影响下，1月全国建材家居市场整体稳中有降，与去年同期相比市场仍然处于弱维稳态势。（新京报）,sina,2019-02-21
37,15624,2019-02-24,0.858086,【权威专家回应“住宅建筑应以套内使用面积进行交易”】《住宅项目规范(征求意见稿)》公布后，其中第2.4.6条“住宅建筑应以套内使用面积进行交易”受到广泛关注。中国建筑科学研究院有限公司相关负责人24日接受新华社记者采访，对该条进行了解答。（新华网）,eastmoney,2019-02-25
38,25844,2019-02-27,0.950001,【2月增持金额创新高 超九成增持股东账面浮盈】从变动方向为增持的数据来看，最新收盘价与变动期间的股票均价对比发现，多名股东的买入操作可谓精准。国风塑业、新五丰、锦富技术及凯盛科技的最新收盘价与其5名股东增持期间均价相比，涨幅超50%，其中国风塑业股价涨幅高达139.4%，位居首位。另外，东山精密股东、爱建集团股东、永贵电器股东等最新收盘价较增持期间股票均价都有较大涨幅。对比账面市值来看，2月份以来271名完成增持的股东中，账面浮盈的共有265名，占比超九成，账面浮盈超1000万的共有20名。其中“安邦人寿保险股份有限公司-保守型投资组合”分别于2月11日及2与12日增持中国建筑，截至最新收盘日账面浮盈近8亿元。（证券时报）,sina,2019-02-27
39,25461,2019-02-27,0.644894,中国建筑近期获得482.2亿元重大项目。,sina,2019-02-28
40,26560,2019-02-28,0.9747889999999999,【央企加速创建“世界一流”企业 10家企业要在2019年3月底前研究制定实施方案】2019年1月国资委宣布选择航天科技、中国石油、国家电网、中国三峡集团、国家能源集团、中国移动、中航集团、中国建筑、中国中车集团、中广核等10家企业作为创建世界一流示范企业。按照国资委的部署，上述10家企业要在2019年3月底前研究制定实施方案，明确企业长远战略规划和目标，确定实施重点、主攻方向和实现路径，形成“顶层设计”和“路线图”，力争用3年左右的时间在部分细分领域和关键环节取得实质性突破，在整体上取得显著成效。（经参）,sina,2019-02-28
41,18217,2019-03-04,0.027158299999999996,【沪股通净买入贵州茅台5.61亿元 为连续第11个交易日净买入】前十大成交股中，沪股通净买入贵州茅台5.61亿元（为连续第11个交易日净买入），净买入海螺水泥2.21亿元、中国建筑1.44亿元；深股通净买入格力电器5.19亿元、美的集团3.76亿元。沪股通净卖出中国平安5.23亿元、兴业银行2.14亿元、中信证券1.33亿元，深股通净卖出万科A 4384万元、平安银行5132万元、东方财富5477.88万元。,eastmoney,2019-03-05
42,27800,2019-03-04,0.06010940000000001,【每日外资观察：北上资金今日买入A股40亿元 贵州茅台连续11日获增持】今日，北上资金流入近40亿元，连续第五日净流入A股，南向资金今日净流入36.42亿元。个股方面，前十大成交股中，北向资金净买入贵州茅台5.61亿元（为连续第11个交易日净买入）、格力电器5.19亿元、美的集团3.76亿元、海螺水泥2.21亿元、中国建筑1.44亿元。净卖出中国平安5.23亿元、兴业银行2.14亿元、中信证券1.33亿元、万科A 4384万元、平安银行5132万元、东方财富5477.88万元。,sina,2019-03-05
43,27769,2019-03-04,0.954708,【华润（集团）有限公司任命王祥明为总经理】3月4日下午，华润（集团）有限公司召开领导班子（扩大会议）。受中央组织部领导委托，中央组织部有关干部局负责同志宣布了中央关于华润（集团）有限公司总经理调整补充的决定：王祥明任华润（集团）有限公司董事、总经理，免去其中国建筑集团有限公司董事、总经理。相关职务任免按有关法律和章程办理。,sina,2019-03-05
44,28532,2019-03-05,0.7754909999999999,中字头板块异动，龙头中国中冶大涨4%，中国电建、中国铝业、中国建筑等小幅走强。,sina,2019-03-05
45,5791,2019-03-05,0.8018850000000001,中字头板块整体拉升，中国中冶直线涨停，中国电建、中国铝业、中国建筑等纷纷走强。 ,10jqka,2019-03-05
46,13854,2019-03-05,0.804218,云财经讯，中字头板块异动，龙头中国中冶大涨4%，中国电建、中国铝业、中国建筑等小幅走强,yuncaijing,2019-03-05
47,36249,2019-03-05,0.7754909999999999,中字头板块异动，龙头中国中冶大涨4%，中国电建、中国铝业、中国建筑等小幅走强。,wallstreetcn,2019-03-05
48,31037,2019-03-11,0.0564521,【每日外资观察：北上资金连续4日净卖出 今日卖多买少】北向资金今日净流出15亿元，为连续4日净流入；南向资金净流入28亿元。个股方面，前20大成交股中，仅3股获净买入，分别是中信证券、海螺水泥，美的集团，净买额分别为4550万、1.01亿、5954万。17股被净卖出，其中中国平安被净卖出3.21亿元，京东方A被净买入3.98亿元，五粮液、格力电器、招商银行被净卖出逾2亿元，中国建筑、兴业银行、牧原股份被净卖出超1亿元。,sina,2019-03-12
49,31663,2019-03-12,0.526926,漳州发展：拟与中国建筑等多方签署《投资合作协议》，建设漳州市区内河水环境综合整治PPP项目，总投资27.18亿元。,sina,2019-03-12
50,31961,2019-03-12,0.965443,【国家发改委外资司与法国驻华使馆召开中法第三方市场合作企业座谈会】中方外交部、中投公司、工商银行、中核集团、中石油、大唐集团、哈电集团、中国建筑、招商局集团、中国建材、中国交建、中国电建、广核集团、上海康恒等，以及法方道达尔公司、施耐德电气、Quadran公司等单位代表共30多人参加了会议。,sina,2019-03-12
51,15825,2019-03-12,0.6220439999999999,云财经讯，漳州发展：拟与中国建筑等多方签署《投资合作协议》，建设漳州市区内河水环境综合整治PPP项目，总投资27.18亿元,yuncaijing,2019-03-12
52,40450,2019-03-12,0.526926,漳州发展：拟与中国建筑等多方签署《投资合作协议》，建设漳州市区内河水环境综合整治PPP项目，总投资27.18亿元。,wallstreetcn,2019-03-12
53,40782,2019-03-12,0.976616,【国家发改委外资司与法国驻华使馆召开中法第三方市场合作企业座谈会，中投公司、工商银行等参加】双方企业和金融机构积极评价中法第三方市场合作项目取得的成果，围绕第三方市场合作分享了合作案例、成功经验及潜在合作项目，并就后续工作提出了相关工作建议。中方外交部、中投公司、工商银行、中核集团、中石油、大唐集团、哈电集团、中国建筑、招商局集团、中国建材、中国交建、中国电建、广核集团、上海康恒等，以及法方道达尔公司、施耐德电气、Quadran公司等单位代表共30多人参加了会议。,wallstreetcn,2019-03-13
54,40793,2019-03-12,0.9590860000000001,"中方外交部、中投公司、工商银行、中核集团、中石油、大唐集团、哈电集团、中国建筑、招商局集团、中国建材、中国交建、中国电建、广核集团、上海康恒等，以及法方道达尔公司、施耐德电气、Quadran公司等单位代表共30多人参加了会议。（全文）
",wallstreetcn,2019-03-13
55,21004,2019-03-12,0.965443,【国家发改委外资司与法国驻华使馆召开中法第三方市场合作企业座谈会】中方外交部、中投公司、工商银行、中核集团、中石油、大唐集团、哈电集团、中国建筑、招商局集团、中国建材、中国交建、中国电建、广核集团、上海康恒等，以及法方道达尔公司、施耐德电气、Quadran公司等单位代表共30多人参加了会议。,eastmoney,2019-03-13
56,32540,2019-03-13,0.635107,SK E&C和中国建筑赢得了4.2亿美元的阿联酋订单。（彭博）,sina,2019-03-13
57,32393,2019-03-13,0.728866,【中企参与阿联酋4.1亿美元铁路项目】中国建筑集团有限公司在阿联酋的子公司——中建中东公司与韩国SKE&C公司组成的联合体日前正式与阿联酋伊提哈德铁路公司在阿布扎比签署一项铁路设计和建设合同，合同总金额达15亿阿联酋迪拉姆（约合4.1亿美元）。（新华网）,sina,2019-03-13
58,21224,2019-03-13,0.672694,【中企参与阿联酋4.1亿美元铁路项目】中国建筑集团有限公司在阿联酋的子公司——中建中东公司与韩国SKE&C公司组成的联合体日前正式与阿联酋伊提哈德铁路公司在阿布扎比签署一项铁路设计和建设合同，合同总金额达15亿阿联酋迪拉姆(约合4.1亿美元)。(新华网),eastmoney,2019-03-13
59,44563,2019-03-19,0.603083,中国建筑：2月份新签合同额报3432亿元人民币，同比增加13.5%。,wallstreetcn,2019-03-20
60,18038,2019-03-19,0.666754,云财经讯，中国建筑2月份新签合同额报3432亿元人民币，同比增加13.5%。,yuncaijing,2019-03-20
61,34867,2019-03-19,0.603083,中国建筑：2月份新签合同额报3432亿元人民币，同比增加13.5%。,sina,2019-03-20
62,35406,2019-03-20,0.618791,中国海外发展与中国建筑国际就启德地块成立合资公司。,sina,2019-03-21
63,24200,2019-03-22,0.680574,【中国建筑国际全年营收556.3亿港元 市场预估570.4亿港元】东方财富网22日讯，中国建筑国际全年营收556.3亿港元，市场预估570.4亿港元；全年净利润45亿港元，市场预估57.5亿港元；每股末期股息0.12港元。,eastmoney,2019-03-22
64,19384,2019-03-22,0.7164550000000001,云财经讯，中国建筑国际全年营收556.3亿港元，市场预估570.4亿港元；全年净利润45亿港元，市场预估57.5亿港元；每股末期股息0.12港元。,yuncaijing,2019-03-22
65,36946,2019-03-22,0.618189,中国建筑国际全年营收556.3亿港元，市场预估570.4亿港元；全年净利润45亿港元，市场预估57.5亿港元；每股末期股息0.12港元。,sina,2019-03-22
66,24636,2019-03-24,0.01637,【中国建筑：“全球最高海缆交联立塔”事故原因及责任尚待进一步调查认定】针对e公司昨日报道《“全球最高海缆交联立塔”发生事故多人遇难》，中国建筑（601668)24日晚间公告回应称，事故具体原因及责任尚待政府有关部门进一步调查认定，中建二局与本项目业主签订的工程施工合同额约为1.48亿元，本次事故预计不会对公司生产经营及业绩产生重大影响，对公司当期损益也无较大影响。,eastmoney,2019-03-25
67,19667,2019-03-24,0.608853,云财经讯，中国建筑：目前事故正在调查之中，尚未认定责任主体；中建二局与本项目业主签订的工程施工合同额约为 1.48 亿元，本次事故预计不会对公司生产经营及业绩产生重大影响,yuncaijing,2019-03-25
68,37368,2019-03-24,0.523528,中国建筑：目前事故正在调查之中，尚未认定责任主体；中建二局与本项目业主签订的工程施工合同额约为1.48亿元，本次事故预计不会对公司生产经营及业绩产生重大影响。,sina,2019-03-25
69,47760,2019-03-24,0.602928,中国建筑媒体报道说明：“全球最高海缆交联立塔”事故目前正在调查之中，尚未认定责任主体；中建二局与本项目业主签订的工程施工合同额约为1.48亿元，本次事故预计不会对公司生产经营及业绩产生重大影响。,wallstreetcn,2019-03-25
70,8848,2019-04-03,0.688666,基建板块盘中走强，达刚路机封板，中国建筑，中国铁建、北新路桥、中铁工业纷纷走强。,10jqka,2019-04-03
71,28305,2019-04-04,0.8424290000000001,【北向资金今日净买入中国平安超9亿元】最新数据显示，中国平安、招商银行、中国建筑等公司今日获沪股通资金净买入，净买入额分别为9.01亿元、4亿元、2.8亿元；海康威视、美的集团、洋河股份遭深股通资金净卖出，净卖出额分别为5.17亿元、2.87亿元、2.19亿元。此外，五粮液股价今日股价大涨5%创出历史新高，不过数据显示，公司当日遭深股通资金净卖出2.18亿元。（证券时报网）,eastmoney,2019-04-05
72,30280,2019-04-11,0.7718109999999999,【中国建筑：2018年净利382亿元 同比增16%】中国建筑(601668)4月11日晚间披露年报，公司2018年实现营业收入1.20万亿元，同比增长13.8%；净利润382.41亿元，同比增长16.1%。每股收益0.85元。公司拟每10股派送1.68元。,eastmoney,2019-04-12
73,58534,2019-04-11,0.6996399999999999,中国建筑：2018年度实现净利润382亿元，同比增长16.1%；拟10派1.68元。,wallstreetcn,2019-04-12
74,46137,2019-04-11,0.6996399999999999,中国建筑：2018年度实现净利润382亿元，同比增长16.1%；拟10派1.68元。,sina,2019-04-12
75,59614,2019-04-12,0.714213,一带一路板块异动，龙头中国交建涨3%，达刚路机、中工国际、中国建筑小幅走强。,wallstreetcn,2019-04-12
76,25457,2019-04-12,0.7722359999999999,云财经讯，一带一路板块异动，龙头中国交建涨3%，达刚路机、中工国际、中国建筑小幅走强,yuncaijing,2019-04-12
77,60829,2019-04-15,0.43884399999999996,"【4月15日上午复盘】09:25 沪指高开1.4%，深成指、创业板分别高开1.6%和1.53%，上周五公布的中国金融和出口数据均远超预期
09:25 数字版权板块大涨，博彦科技一字板，光一科技、中国科传、新华网、人民网集体上涨
09:30 券商大幅高开，东北证券涨6%，西南证券、国投资本、西部证券、哈投股份纷纷大涨
09:33 银行板块开盘活跃，兴业银行涨4%，宁波银行、平安银行、常熟银行、南京银行纷纷走强
09:43 多元金融板块异动，民生控股、香溢融通封板，新力金融随后封板，新华保险大涨5%
09:48 国产软件板块异动，龙头浪潮信息强势封板，金溢科技涨9%，华胜天成、浪潮软件、润和软件纷纷走强
09:55 上海自由贸易港板块再度冲高，上港集团强势封板，上海临港、上海物贸、上海雅仕、外高桥、锦江投资等纷纷拉升
10:37 海南板块逆势走强，海峡股份涨3%，罗牛山、海南高速、欣龙控股纷纷走强
10:58 燃料电池板块再度冲高，蠡湖股份封板，穗恒运A大涨8%，美锦能源、同济科技小幅走强
11:04 一带一路板块集体走强，上海电气大涨6%，中国建筑涨4%，中国铁建、中国交建纷纷走强",wallstreetcn,2019-04-15
78,47838,2019-04-15,0.708925,中国建筑国际第一季度营收115.6亿港元，营业利润21.6亿港元。,sina,2019-04-15
79,60845,2019-04-15,0.582075,一带一路板块集体走强，上海电气大涨6%，中国建筑涨4%，中国铁建、中国交建纷纷走强。,wallstreetcn,2019-04-16
80,31383,2019-04-15,0.899971,【北向资金连续7日净卖出 兴业银行、中国平安今日净买入额居前】4月15日，北向资金合计净流出22.74亿元，为连续第7日净流出。盘后数据显示，兴业银行、中国平安、中国建筑净买入金额居前，分别获净买入2.25亿元、1.86亿元、1.57亿元。五粮液、美的集团、招商银行净卖出额居前，分别遭净卖出3.01亿元、1.83亿元、1.60亿元。此外，格力电器、海康威视也遭净卖出近1.6亿元。（证券时报网）,eastmoney,2019-04-16
81,26004,2019-04-15,0.779742,云财经讯，中国建筑国际第一季度营收115.6亿港元，营业利润21.6亿港元。,yuncaijing,2019-04-16
82,31734,2019-04-16,0.526885,【五粮液再遭北向资金净卖出逾7亿元】4月16日，北向资金终结连续7日净流出，蓝筹股获追捧。招商银行、中国建筑净买入均超2亿元；五粮液再遭净卖出7.05亿元。（证券时报网）,eastmoney,2019-04-17
83,48299,2019-04-16,0.502785,【五粮液再遭北向资金净卖出逾7亿元】4月16日，北向资金终结连续7日净流出，蓝筹股获追捧。招商银行、中国建筑净买入均超2亿元；五粮液再遭净卖出7.05亿元。,sina,2019-04-17
84,10105,2019-04-16,0.729025,北向资金终结连续7日净流出，蓝筹股获追捧。招商银行、中国建筑净买入均超2亿元；五粮液再遭净卖出7.05亿元。,10jqka,2019-04-17
85,61222,2019-04-16,0.502785,"【五粮液再遭北向资金净卖出逾7亿元】4月16日，北向资金终结连续7日净流出，蓝筹股获追捧。招商银行、中国建筑净买入均超2亿元；五粮液再遭净卖出7.05亿元。
",wallstreetcn,2019-04-17
86,61225,2019-04-16,0.502785,【五粮液再遭北向资金净卖出逾7亿元】4月16日，北向资金终结连续7日净流出，蓝筹股获追捧。招商银行、中国建筑净买入均超2亿元；五粮液再遭净卖出7.05亿元。,wallstreetcn,2019-04-17
87,26284,2019-04-16,0.736829,云财经讯，4月16日，北向资金终结连续7日净流出，蓝筹股获追捧。招商银行、中国建筑净买入均超2亿元；五粮液再遭净卖出7.05亿元。,yuncaijing,2019-04-17
88,33856,2019-04-23,0.884782,【中国建筑：一季度新签合同额6562亿元 同比增8.8%】中国建筑(601668)4月23日晚间公告，公司今年1-3月新签合同总额6562亿元，同比增长8.8%。其中，建筑业务新签合同额5865亿元，同比增长9.0%；地产业务合约销售额697亿元，同比增长4.2%。（证券时报网）,eastmoney,2019-04-24
89,28209,2019-04-23,0.8976120000000001,云财经讯，中国建筑公告，公司今年1-3月新签合同总额6562亿元，同比增长8.8%。其中，建筑业务新签合同额5865亿元，同比增长9.0%；地产业务合约销售额697亿元，同比增长4.2%。,yuncaijing,2019-04-24
90,65406,2019-04-23,0.918768,【中国建筑：一季度新签合同额6562亿元，同比增8.8%】中国建筑公告，公司今年1-3月新签合同总额6562亿元，同比增长8.8%。其中，建筑业务新签合同额5865亿元，同比增长9.0%；地产业务合约销售额697亿元，同比增长4.2%。,wallstreetcn,2019-04-24
91,51503,2019-04-23,0.900543,【 中国建筑：一季度新签合同额6562亿元 同比增8.8% 】 中国建筑(601668)4月23日晚间公告，公司今年1-3月新签合同总额6562亿元，同比增长8.8%。其中，建筑业务新签合同额5865亿元，同比增长9.0%；地产业务合约销售额697亿元，同比增长4.2%。,sina,2019-04-24
92,66895,2019-04-25,0.9760489999999999,"小葱APP讯，马来西亚政府计划建立一个名为“马六甲海峡城”(Melaka Straits City)的大型区块链项目，其初期阶段需要筹集1.2亿美元的资金。该城市将建在马六甲海岸835多英亩的土地上，由中国政府和中国建筑工程公司支持。这个区块链城市将不仅适用于商业企业和教育服务，还会成为一个主要的旅游景点，预计每年有300万游客可以参观。（Bitcoinnews）
",wallstreetcn,2019-04-26
93,53678,2019-04-26,0.97854,【机构：铜市正酝酿新一轮上涨行情】近期，在宏观面稳定及基本面改善背景下，机构唱多铜价声音也逐渐增多。国际投行纷纷上调铜价预期。日前花旗将3个月铜价预期由6700美元/吨上调至7000美元/吨，并称大宗商品二季度将再次迎来强劲表现。国内机构也认为，铜矿产能周期下行、冶炼周期错配、全球铜供给告急将为铜价带来强劲支撑。业内人士指出，通常来看，每年第二季度，铜市迎来消费旺季，会常常推涨价格，其原因主要是期间恰逢中国建筑施工高峰。（中国证券报）,sina,2019-04-26
94,55135,2019-04-30,0.5963510000000001,"中国建筑第一季度净利润88.6亿元，第一季度营收2,976亿元。",sina,2019-04-30
95,37847,2019-05-07,0.96875,【高盛建议继续增持中国股票】高盛给出亚股选股建议以应对近期不确定局面。鉴于中国政策反应灵活而又及时，建议继续增持中国股票。高盛称，关注那些容易出现回调的个股，诸如联想、中兴；看好人民币走软中获益的股票，比如中石化炼化工程、中国移动； 谨慎对待那些会因人民币贬值而受挫的股票，比如中国奥园和南方航空； 择机增持可从基础设施建设中获益的股票 ，如江西铜业，中国建筑国际等。,eastmoney,2019-05-07
96,57281,2019-05-07,0.96875,【高盛建议继续增持中国股票】高盛给出亚股选股建议以应对近期不确定局面。鉴于中国政策反应灵活而又及时，建议继续增持中国股票。高盛称，关注那些容易出现回调的个股，诸如联想、中兴；看好人民币走软中获益的股票，比如中石化炼化工程、中国移动； 谨慎对待那些会因人民币贬值而受挫的股票，比如中国奥园和南方航空； 择机增持可从基础设施建设中获益的股票 ，如江西铜业，中国建筑国际等。,sina,2019-05-07
97,12881,2019-05-13,0.936307,中国建筑集团有限公司旗下中国建筑工程（香港）有限公司中标香港故宫文化博物馆工程。,10jqka,2019-05-13
98,61244,2019-05-15,0.903653,【东华科技：获煤制乙二醇项目中标候选人】东华科技午间公告，公司与中国建筑第八工程局有限公司组成的联合体被确定为内蒙古开滦化工有限公司40万吨/年煤制乙二醇项目设计施工总承包（EPC）第一中标候选人。,sina,2019-05-15
99,13348,2019-05-15,0.737359,东华科技15日午间公告，公司与中国建筑第八工程局有限公司组成的联合体被确定为内蒙古开滦化工有限公司40万吨/年煤制乙二醇项目设计施工总承包（EPC）第一中标候选人。,10jqka,2019-05-15
100,62419,2019-05-17,0.8686440000000001,【中国建筑：前4月新签合同额8219亿元 同比增4%】中国建筑(601668)5月17日晚间公告，公司2019年1-4月新签合同总额8219亿元，同比增长4%。其中，建筑业务新签合同额7208亿元，同比增长2.3%。,sina,2019-05-18
101,35869,2019-05-24,0.680884,云财经讯，中国建筑：公司获得多个重大项目，项目合计金额240.3亿元，占18年营收的2%,yuncaijing,2019-05-25
102,65713,2019-05-24,0.600923,中国建筑：公司获得多个重大项目，项目合计金额240.3亿元，占18年营收的2%。,sina,2019-05-25
103,82632,2019-05-24,0.600923,中国建筑：公司获得多个重大项目，项目合计金额240.3亿元，占18年营收的2%。,wallstreetcn,2019-05-25
104,67655,2019-05-29,0.941471,【中国建筑：中标天津地铁7号线】日前，中国建筑中标天津地铁7号线一期工程PPP项目，该项目概算总投资268.97亿元，其中PPP项目投资约196.81亿元。这是天津市首个以PPP模式实施的地铁整线项目，建成后将缓解天津城市核心区交通紧张状况，改善城市公共客运交通、带动沿线发展。,sina,2019-05-30
105,16064,2019-05-29,0.651419,中证网讯（记者吴科任）神州高铁（000008）5月29日晚间公告，公司及全资子公司神铁运营与中国建筑及其关联方组成联合体成功中标天津地铁7号线一期工程PPP项目。7号线PPP项目概算总投资为268.97亿元，其中PPP项目公司投资约196.81亿元，剩余部分...,10jqka,2019-05-30
106,45335,2019-05-30,0.9691219999999999,【天津：利用社会资本进行地铁建设实现历史性突破 525亿元助力7、11号线建设】天津地铁7号线、11号线PPP项目中标公告本月28日在中国政府采购网、天津市政府采购网发布，中国建筑股份有限公司（联合体）、中国交通建设股份有限公司（联合体）分别中标，标志着天津市在利用社会资本进行地铁建设方面实现了历史性突破。地铁7号线、11号线PPP项目投资总额525亿元。（天津日报）,eastmoney,2019-05-30
107,16526,2019-05-30,0.856348,5月30日记者从天津市住房城乡建设委获悉，日前，天津地铁7、11号线PPP项目中标公告发布，中国建筑股份有限公司(联合体)、中国交通建设股份有限公司(联合体)分别中标，标志着天津市在利用社会资本进行轨道交通建设方面实现了历史性突破。,10jqka,2019-05-30
108,68694,2019-05-30,0.9691219999999999,【天津：利用社会资本进行地铁建设实现历史性突破 525亿元助力7、11号线建设】天津地铁7号线、11号线PPP项目中标公告本月28日在中国政府采购网、天津市政府采购网发布，中国建筑股份有限公司（联合体）、中国交通建设股份有限公司（联合体）分别中标，标志着天津市在利用社会资本进行地铁建设方面实现了历史性突破。地铁7号线、11号线PPP项目投资总额525亿元。（天津日报）,sina,2019-05-30
109,18900,2019-06-11,0.970625,日前，恒丰银行建筑企业战略签约仪式暨综合金融服务方案推介会在山东济南举行。恒丰银行与中国建筑第七工程局有限公司、中建电子商务有限公司、济南城建集团、青建集团股份公司等14家建筑企业签署了战略合作协议。据悉，针对建筑企业回款周期长...,10jqka,2019-06-11
110,49073,2019-06-12,0.888755,【雄安集团召开新区参建企业第一次联席会议】6月10日，雄安集团召开新区参建企业第一次联席会议。中国建筑、中国交建、中国中铁、中国铁建、中国电建、国家电网等30家参建企业代表，雄安集团有关领导和部门负责人约100人参加会议。（证券时报）,eastmoney,2019-06-12
111,74651,2019-06-12,0.8755,【雄安集团召开参建企业第一次联席会议】6月10日，雄安集团召开新区参建企业第一次联席会议。中国建筑、中国交建、中国中铁、中国铁建、中国电建、国家电网等30家参建企业代表，雄安集团有关领导和部门负责人约100人参加会议。,sina,2019-06-12
112,40730,2019-06-13,0.975784,云财经讯，6月12日，国资委举行2019年度和2019-2021年任期中央企业负责人经营业绩责任书签订仪式，明确了2019年度中央企业净利润目标比上年增长9%。参加签订仪式的航天科技、中国电科、中国石油、国家电网、国家能源集团、中国远洋海运、中航集团、中国五矿、招商局集团、中国中车集团、航空工业集团、中国三峡集团、中国移动、中化集团、中国建筑、华润集团、国药集团、保利集团、建设科技集团、中国国新等20家企业2019年度合计净利润目标较上年增长12%。,yuncaijing,2019-06-14
113,76344,2019-06-17,0.742797,中国建筑：2019年1-5月，公司新签合同总额10434亿元，同比增长6.3%。,sina,2019-06-18
114,76479,2019-06-17,0.680742,"中国建筑1-5月新签合同额同比增长6.3%，至10,434亿元。",sina,2019-06-18
115,20084,2019-06-17,0.567604,6月17日晚间，中国建筑公布了2019年1-5月的经营情况。截至5月31日，公司累计新签合同总额1.04万亿元，同比增长6.3%。,10jqka,2019-06-18
116,41732,2019-06-17,0.761141,"云财经讯，中国建筑1-5月新签合同额同比增长6.3%，至10,434亿元。",yuncaijing,2019-06-18
117,78799,2019-06-21,0.551858,中国建筑公告，近期总计获得256.3亿元重大项目，占2018年度经审计营业收入2.1%。,sina,2019-06-22
118,43107,2019-06-21,0.677625,云财经讯，中国建筑公告，近期总计获得256.3亿元重大项目，占2018年度经审计营业收入2.1%。,yuncaijing,2019-06-22
119,81664,2019-06-27,0.9804120000000001,【广东台山核电站2号机组成功并网发电】日前，中建电力建设有限公司承建的台山核电站2号机组首次并网发电成功，为机组后续商运奠定了基础。广东省江门市台山核电站是中法两国能源领域的最大合作项目，2号机组是中国建筑承建的首个核电站核岛工程，也是世界上单机容量最大的核电机组。,sina,2019-06-27
120,44862,2019-06-27,0.9771489999999999,云财经讯，日前，中建电力建设有限公司承建的台山核电站2号机组首次并网发电成功，为机组后续商运奠定了基础。广东省江门市台山核电站是中法两国能源领域的最大合作项目，2号机组是中国建筑承建的首个核电站核岛工程，也是世界上单机容量最大的核电机组。,yuncaijing,2019-06-27
121,87017,2019-07-10,0.24889499999999998,【2019《财富》中国500强排行榜：中石化、中石油、中国建筑位居三甲】今年中国500家上榜的上市公司总营业收入达到45.5万亿元人民币，较去年增长14.8%，再创新高；净利润达到了3.625万亿元，较去年增长4.21%，相比去年24.24%的涨幅而言，受宏观经济影响大幅放缓。今年上榜公司的年营收门槛为162.38亿元，相比去年提升了17%。榜单头部公司依然是：中石化、中石油和中国建筑。中国平安蝉联非国有企业第一位。,sina,2019-07-11
122,27106,2019-07-11,0.912791,财富中文网发布了最新的《财富》中国500强排行榜。榜单头部公司依然是：中石化、中石油和中国建筑。中国平安蝉联非国有企业第一位。今年一共有42家新上榜和重新上榜公司，其中小米集团以1749亿元的总收入排名第53位。美团点评则以652亿元营收排...,10jqka,2019-07-11
123,89919,2019-07-16,0.5570649999999999,"中国建筑2019年1-6月新签合同总额14,360亿元，比上年同期增长6.0%。",sina,2019-07-17
124,50133,2019-07-16,0.654792,"云财经讯，中国建筑2019年1-6月新签合同总额14,360亿元，比上年同期增长6.0%。",yuncaijing,2019-07-17
125,91949,2019-07-20,0.950127,【机器人、无人机现身“智慧工地” 我国建筑业加快数字化转型】由中国建筑业协会主办的全国“数字建造推动高质量发展”现场观摩交流会19日在浙江省建工集团杭州北大桥项目现场举行。在这个“智慧工地”上，建筑机器人、无人机以及各类智能设备已成为施工“标配”。,sina,2019-07-21
126,93384,2019-07-24,0.9305059999999999,【江河集团：签署2.3亿元工程项目】江河集团(601886)7月24日晚间公告，全资子公司北京江河幕墙系统工程有限公司近日与中国建筑一局（集团）有限公司签署了关于深圳泰伦广场项目幕墙专业分包工程分包合同协议书，该工程中标金额为2.30亿元，约占公司2018年营业收入的1.43%。,sina,2019-07-24
127,93387,2019-07-24,0.0645569,【国资委：中国移动等48家央企2018年度经营业绩考核结果为A级】国务院国资委7月24日消息，近日，国务院国资委召开中央企业负责人研讨班，通报了2018年度和2016-2018年任期中央企业负责人经营业绩考核结果。2018年度考核结果为A级的企业48家，数量比上一年度减少2家，其中，中国移动、中国建筑、中国电科位列前三。2016-2018年任期考核结果为A级的企业46家，数量比上一任期增加4家。自国资委对中央企业实施经营业绩考核以来，有8家企业连续15个年度和5个任期均获得A级，分别是航天科技、兵器工业集团、中国电科、中国海油、国家电网、中国移动、国投、招商局集团。,sina,2019-07-25
128,52368,2019-07-24,0.9279700000000001,云财经讯，江河集团：全资子公司北京江河幕墙系统工程有限公司近日与中国建筑一局（集团）有限公司签署了关于深圳泰伦广场项目幕墙专业分包工程分包合同协议书，该工程中标金额为2.30亿元，约占公司2018年营业收入的1.43%,yuncaijing,2019-07-25
129,93534,2019-07-24,0.967875,【全长392公里 中巴经济走廊最大交通基础设施项目提前竣工】中巴经济走廊最大交通基础设施项目——“苏木段”高速公路提前竣工。“苏木段”高速公路是巴基斯坦白沙瓦至卡拉奇高速公路的苏库尔至木尔坦段。“苏木段”高速公路全长392公里，设计时速120公里，总投资约28.9亿美元，于2016年8月正式开工。昨天（23日），巴基斯坦国家公路局向中国建筑股份有限公司颁发实质性竣工证书。（央视）,sina,2019-07-25
130,30112,2019-07-24,0.9243389999999999,江河集团：全资子公司北京江河幕墙系统工程有限公司近日与中国建筑一局（集团）有限公司签署了关于深圳泰伦广场项目幕墙专业分包工程分包合同协议书，该工程中标金额为2.30亿元，约占公司2018年营业收入的1.43%。,10jqka,2019-07-25
131,30400,2019-07-25,0.47925500000000004,伊利股份已耗资近58亿元回购3%股份；海航基础控股股东股份被冻结；中国建筑近期获得545亿元重大项目。,10jqka,2019-07-26
132,30447,2019-07-25,0.659867,中国建筑(601668)7月25日晚间公告，近期，公司获得8个房屋建筑重大项目和5个基础设施重大项目，项目金额合计545.4亿元，占2018年营业收入的4.5%。 ,10jqka,2019-07-26
133,30888,2019-07-26,0.684399,为做好全国政协“关于进一步推进水泥窑协同处置生活垃圾”重点督办提案办理工作，有序推进水泥窑协同处置生活垃圾工作，7月24日，节能与综合利用司在北京召开水泥窑协同处置生活垃圾座谈会，中国水泥协会、中国建筑材料科学研究总院的有关专家，...,10jqka,2019-07-27
134,94307,2019-07-26,0.967988,  【工信部节能与综合利用司组织召开水泥窑协同处置生活垃圾座谈会】24日，工信部节能与综合利用司在北京召开水泥窑协同处置生活垃圾座谈会，中国水泥协会、中国建筑材料科学研究总院的有关专家，以及中国建材、华新、海螺、金隅、华润、葛洲坝、台泥、金圆、红狮、山水、同力、京兰等水泥企业代表参加会议。 会上，与会代表认为，开展水泥窑协同处置是生活垃圾处理的一种有效补充方式，是水泥行业积极承担社会责任、贯彻落实生活垃圾分类决策部署、缓解生活垃圾处理难题的一种有效措施。,sina,2019-07-27
135,53069,2019-07-26,0.9742649999999999,云财经讯，24日，工信部节能与综合利用司在北京召开水泥窑协同处置生活垃圾座谈会，中国水泥协会、中国建筑材料科学研究总院的有关专家，以及中国建材、华新、海螺、金隅、华润、葛洲坝、台泥、金圆、红狮、山水、同力、京兰等水泥企业代表参加会议。 会上，与会代表认为，开展水泥窑协同处置是生活垃圾处理的一种有效补充方式，是水泥行业积极承担社会责任、贯彻落实生活垃圾分类决策部署、缓解生活垃圾处理难题的一种有效措施。,yuncaijing,2019-07-27
136,98221,2019-08-05,0.192975,【发改委等部门赴天津开展城镇老旧小区改造工作调研】7月中下旬，发改委投资司有关负责人带队，会同住房城乡建设部、国家能源局等相关司局，以及国家投资项目评审中心、中国城市规划设计研究院、中国建筑设计研究院有关专家，赴天津开展城镇老旧小区改造工作调研。调研组一行与地方有关单位、基层党员、小区居民进行了深入交流，实地查看了不同类型的老旧小区，认真听取并研究各方意见和建议  。,sina,2019-08-06
137,55761,2019-08-05,0.939991,云财经讯，7月中下旬，发改委投资司有关负责同志带队，会同住房城乡建设部、国家能源局、国家邮政局等相关司局同志，以及国家投资项目评审中心、中国城市规划设计研究院、中国建筑设计研究院有关专家，赴天津开展城镇老旧小区改造工作调研。调研组一行与地方有关单位、基层党员、小区居民进行了深入交流，实地查看了不同类型的老旧小区，认真听取并研究各方意见和建议。,yuncaijing,2019-08-06
138,35164,2019-08-13,0.778867,公司全资子公司成都倍特建筑安装工程有限公司于近日收到成都高投资产经营管理有限公司发出的中标通知书，确定倍特建安（联合体牵头人）与中国建筑西南设计研究院有限公司（成员）组成的联合体为该项目的中标人，项目施工费3.85亿元。,10jqka,2019-08-14
139,103264,2019-08-16,0.58213,"中国建筑2019年1-7月新签合同总额16,587亿元，同比增长12.0%。",sina,2019-08-16
140,68570,2019-08-16,0.843082,【西部开发概念股拉升 基建头部企业有前景】昨日盘中，受《西部陆海新通道总体规划》利好消息影响，北新路桥、西部建设、天山股份等西部开发概念股强势拉升。民生证券分析师王介超认为，《规划》发挥多区域交汇的重要枢纽作用、完善西部基建。基建资金面改善，政策面持续释放利好，区域性战略升级有望带来结构性投资机会。未来几年将成为西部铁路、公路建设快速推进期，建议关注相关细分子行业头部企业及区域性基建头部企业，包括中国建筑、中国中铁、中国铁建、四川路桥等。(重庆商报),eastmoney,2019-08-17
141,59026,2019-08-16,0.6784859999999999,"云财经讯，中国建筑2019年1-7月新签合同总额16,587亿元，同比增长12.0%。",yuncaijing,2019-08-17
142,107808,2019-08-27,0.9021379999999999,【中国建筑：近期获得387亿元重大项目】中国建筑8月27日晚间公告，近期，公司获得8个房屋建筑重大项目和5个基础设施重大项目，项目金额合计387.4亿元，占公司2018年营业收入的3.2%。,sina,2019-08-28
143,62145,2019-08-27,0.8484209999999999,云财经讯，中国建筑(601668)8月27日晚间公告，近期，公司获得8个房屋建筑重大项目和5个基础设施重大项目，项目金额合计387.4亿元，占公司2018年营业收入的3.2%。,yuncaijing,2019-08-28
144,108321,2019-08-28,0.697279,  中国建筑：上半年实现净利润203亿元，同比增长6.1%。,sina,2019-08-29
145,71895,2019-08-28,0.8274440000000001,【中国建筑：上半年净利203亿元 同比增6.1%】中国建筑(601668)8月28日晚间披露半年报，公司今年上半年实现营业收入6854.19亿元，同比增长16.4%；净利润203.08亿元，同比增长6.1%；每股收益0.45元。上半年，公司新签合同总额同比增长6%，至14360亿元。（证券时报网）,eastmoney,2019-08-29
146,62534,2019-08-28,0.826983,云财经讯，中国建筑(601668)8月28日晚间披露半年报，公司今年上半年实现营业收入6854.19亿元，同比增长16.4%；净利润203.08亿元，同比增长6.1%；每股收益0.45元。上半年，公司新签合同总额同比增长6%，至14360亿元。,yuncaijing,2019-08-29
